Nama_Produk,Harga,Merk_CPU,Seri_CPU,Model_CPU,RAM,GPU,Layar,Full_CPU_Text,Skor_CPU,Skor_GPU,Kelas_Laptop
"Laptop Acer Aspire Go 14 Intel Core 5 120U RAm 8 GB / 16 Gb SSD 1 TB Windows 11 + Office Home Stundent 14"" WUXGA IPS",8649000,INTEL,INTEL CORE 5,120U,16.0,INTEGRATED,14.0,INTEL CORE 5 120U,14000,2500,PELAJAR/ADMIN
"Laptop Advan 360 Stylus Pro AMD Ryzen 5 7430U RAM 8 GB SSD 512 GB Windows 11 14"" WUXGA touch Screen 2in1",6949000,AMD,RYZEN 5,360,8.0,INTEGRATED,14.0,RYZEN 5 360,11000,2500,PELAJAR/ADMIN
"Laptop Advan Workplus Air OLED AMD Ryzen 5 7535HS RAM 16 GB SSD 512 GB Windows 11 14"" WUXGA 1.1 Kg",8549000,AMD,RYZEN AI 5,UNKNOWN,16.0,INTEGRATED,14.0,RYZEN AI 5 UNKNOWN,5000,2500,BASIC/ENTRY
Laptop Acer Aspire 7 Pro A715 Intel COre i5 13420H GeForce RTX 3050 6GB RAM 8GB SSD 512 GB Windows 11 + Office Home Student 15.6 FHD 144Hz,10599000,INTEL,INTEL CORE 1,3420H,8.0,RTX 3050,15.6,INTEL CORE 1 3420H,5000,12000,BASIC/ENTRY
"Laptop Axioo Pongo 765 Intel Core I7 13620H GeForce RTX 5060 8 GB RAm 16 GB SSD 512 GB Windows 11 / DOS 16"" WUXGA 165 Hz 100 Srgb",18549000,INTEL,INTEL CORE 1,3620H,16.0,RTX 5060,16.0,INTEL CORE 1 3620H,5000,26000,GAMING/RENDERING BERAT
"Laptop Axioo Hype-R X8 OLED AMD Ryzen 7 6850 RAM 16 gb SSD 512 GB Windows 11 14"" Full HD IPS Under 1 kg",9999000,AMD,RYZEN 7,6850,16.0,INTEGRATED,14.0,RYZEN 7 6850,14000,2500,PELAJAR/ADMIN
Laptop MSI Katana 15HX Intel Core i7 14650HX GeForce RTX 5070 8GB RAM 32 GB SSD 1 TB Windows 11 + Office Home Student 15.6 FHD 144HZ 2 Year,23999000,INTEL,INTEL CORE 1,4650HX,32.0,RTX 5070,15.6,INTEL CORE 1 4650HX,5000,32000,GAMING/RENDERING BERAT
ASUS ROG XBOX ALLY AMD RYZEN Z2 A 16GB 512GB W11 7.0FHD 120HZ WHITE,9949000,AMD,RYZEN ,UNKNOWN,16.0,INTEGRATED,0.0,RYZEN  UNKNOWN,5000,2500,BASIC/ENTRY
"Laptop Acer Aspire Lite 14 AL14 Intel Celeron N150 RAM 8 GB SSD 256 GB Windows 11 + Office Home Student 14"" Full HD IPS",5019000,INTEL,CELERON/ENTRY,N150,8.0,INTEGRATED,14.0,CELERON/ENTRY N150,2500,2500,BASIC/ENTRY
"Laptop ASUS Vivobook 14 A1404VAP Intel Core 5 120U RAM 8 GB SSD 512 GB Windows 11 + Office Home Student 14"" Full HD VIPS",8399000,INTEL,INTEL CORE 1,404VA,8.0,INTEGRATED,14.0,INTEL CORE 1 404VA,5000,2500,BASIC/ENTRY
"Laptop HP 14 Intel Core Ultra 7 155H RAM 16 GB SSD 512 GB Windows 11 + Office Home Student 14"" Full HD IPS",11599000,INTEL,INTEL ULTRA 7,155H,16.0,INTEGRATED,14.0,INTEL ULTRA 7 155H,25000,2500,PROFESSIONAL/CODING BERAT
"Laptop ASUS Gaming V16 V3607VJ Intel COre 5 210 H GeForce RTX 3050 6GB RAM 8 GB SSD 512 GB Windows 11 + Office Home Student 16"" WUXGA 144Hz",11799000,INTEL,INTEL CORE 3,607VJ,8.0,RTX 3050,16.0,INTEL CORE 3 607VJ,5000,12000,BASIC/ENTRY
"Laptop Lenovo Legion Pro 5 16 OLED AMD Ryzen 7 8745HX GeForce RTX 5060 8 GB RAM 24 GB SSD 1 TB Windows 11 + Office Home Student 165Hz 16"" WQXGA",26299000,AMD,RYZEN 7,8745HX,24.0,RTX 5060,16.0,RYZEN 7 8745HX,14000,26000,GAMING/RENDERING BERAT
Laptop Lenovo Ideapad SLim 3 14 AMD Ryzen 5 7520 RAM 16 GB SSD 512 GB WIndows 11 + Office  Home Student,7649000,AMD,RYZEN 5,7520,16.0,INTEGRATED,0.0,RYZEN 5 7520,11000,2500,PELAJAR/ADMIN
"Laptop Avita Pura A+ AMD Ryzen 5 5500 RAm 8 GB SSD 512 GB Windows 11 14"" FUll HD",5299000,AMD,RYZEN 5,5500,8.0,INTEGRATED,14.0,RYZEN 5 5500,11000,2500,PELAJAR/ADMIN
"Laptop Avita Pura A+ Intel Core I5 1235 RAm 8 GB SSD 512 GB Windows 11 14"" FUll HD",5749000,INTEL,CORE I5,1235,8.0,INTEGRATED,14.0,CORE I5 1235,12000,2500,PELAJAR/ADMIN
"Laptop Avita Pura A+ Intel Core I3 1215 RAm 8 GB SSD 256 GB Windows 11 14"" FUll HD",4399000,INTEL,CORE I3,1215,8.0,INTEGRATED,14.0,CORE I3 1215,9500,2500,PELAJAR/ADMIN
"Laptop HP 14 Intel COre 5 120U RAM 16 GB SSD 512 GB Windows 11 + Office Home Student 14"" Full HD",8899000,INTEL,INTEL CORE 5,120U,16.0,INTEGRATED,14.0,INTEL CORE 5 120U,14000,2500,PELAJAR/ADMIN
Laptop Acer Predator Helios Neo 16 AI Intel COre Ultra 9 275HX GeForce RTX 5070TI 12 GB RAM 32 GB SSD 1 TB Windows 11 + Office,38099000,INTEL,INTEL ULTRA 9,275HX,32.0,RTX 5070,0.0,INTEL ULTRA 9 275HX,32000,32000,GAMING/RENDERING BERAT
"Laptop HP Omnibook 5 AI 16 Intel Core Ultra 5 225 RAM 16 GB SSD 1 Tb Windows 11 + Office Home Student 16"" 2K",13999000,UNKNOWN,UNKNOWN,UNKNOWN,16.0,INTEGRATED,16.0,UNKNOWN UNKNOWN,5000,2500,BASIC/ENTRY
Laptop HP Omnibook 7 AERO 13 AMD Ryzen AI 7 350 RAM 16 GB SSD 512 GB Windows 11 + Office Home Student 13.3 WQXGA IPS,15249000,AMD,RYZEN AI 7,350,16.0,INTEGRATED,13.3,RYZEN AI 7 350,29000,2500,PROFESSIONAL/CODING BERAT
"Laptop Acer Swift Lite 14 SFL14 AMD Ryzen 5 240 RAM 16 GB SSD 512 GB Windows 11 + Office Home Student 14"" WUXGA IPS",11399000,AMD,RYZEN 5,240,16.0,INTEGRATED,14.0,RYZEN 5 240,11000,2500,PELAJAR/ADMIN
"Laptop Advan Workplus AMD Ryzen 7 7735HS RAM 16 GB SSD 512 GB Windows 11 14"" Full HD UPS",8099000,AMD,RYZEN 7,UNKNOWN,16.0,INTEGRATED,14.0,RYZEN 7 UNKNOWN,14000,2500,PELAJAR/ADMIN
"Laptop MSI Modern 14 Intel COre I3 1315U RAM 8 GB SSD 512 gb Windows 14""  Full HD",5899000,INTEL,INTEL CORE 3,1315U,8.0,INTEGRATED,14.0,INTEL CORE 3 1315U,10000,2500,PELAJAR/ADMIN
Laptop Lenovo LOQ 15 AMD Ryzen 5 220 GeForce RTX 5050 8 GB RAM 16 GB SSD 512 GB Windows 11 + Office Home Student 15.6 Full HD 144 Hz 100 Srgb,16699000,AMD,RYZEN 5,220,16.0,RTX 5050,15.6,RYZEN 5 220,11000,2500,PELAJAR/ADMIN
Laptop Lenovo LOQ 15 AMD Ryzen 7 250 GeForce RTX 5050 8 GB RAM 16 GB SSD 512 GB Windows 11 + Office Home Student 15.6 Full HD 144 Hz 100 Srgb,18699000,AMD,RYZEN 7,250,16.0,RTX 5050,15.6,RYZEN 7 250,14000,2500,PELAJAR/ADMIN
"Laptop Acer Aspire Lite 14 AL14 Core 3 N355 RAM 8GB SSD 512 GB Windows 11 + Office Home Student 14"" inch FHD IPS",6049000,UNKNOWN,UNKNOWN,UNKNOWN,8.0,INTEGRATED,14.0,UNKNOWN UNKNOWN,5000,2500,BASIC/ENTRY
"Laptop Lenovo Ideapad Slim 5 14 OLED AMD Ryzen AI 7 350 RAM 16 GB SSD 512 GB Windows 11 + Office Home Student 14"" WUXGA",13399000,AMD,RYZEN AI 7,350,16.0,INTEGRATED,14.0,RYZEN AI 7 350,29000,2500,PROFESSIONAL/CODING BERAT
Laptop ASUS Vivobook A1405VA Intel Core i5 13420H RAM 16 GB SSD 512 GB Windows 11 + Office HOme student,9069000,INTEL,INTEL CORE 1,405VA,16.0,INTEGRATED,0.0,INTEL CORE 1 405VA,5000,2500,BASIC/ENTRY
"Laptop ASUS GAMING V16 V3607VH Intel Core 5 210H GeForce RTX 5050 8GB RAM 16 GB SSD 512 GB Windows 11 + Office Home Student 16"" Inch WUXGA 144Hz Refresh Rate",14969000,INTEL,INTEL CORE 3,607VH,16.0,RTX 5050,16.0,INTEL CORE 3 607VH,5000,2500,BASIC/ENTRY
Laptop MSI Summit A16 AI+ Touch Screen AMD Ryzen AI 9 365 RAM 32 GB SSD 1 TB Windows 11 + Office Home Student,22899000,AMD,RYZEN AI 9,365,32.0,INTEGRATED,0.0,RYZEN AI 9 365,34000,2500,PROFESSIONAL/CODING BERAT
"Laptop Acer Swift Go OLED SFG14 Intel Core Ultra 7 258V RAM 32 GB SSD 1 TB Windows 11 + Office Home Student 14"" WUXGA 90 Hz EVO",17399000,INTEL,INTEL ULTRA 7,258V,32.0,INTEGRATED,14.0,INTEL ULTRA 7 258V,25000,2500,PROFESSIONAL/CODING BERAT
"Laptop Acer Swift Go OLED SFG14 Intel Core Ultra 5 226V RAM 16 GB SSD 1 TB Windows 11 + Office Home Student 14"" WUXGA 90 Hz EVO",14499000,INTEL,INTEL ULTRA 5,226V,16.0,INTEGRATED,14.0,INTEL ULTRA 5 226V,20000,2500,MENENGAH/OFFICE MULTITASKING
"Laptop Acer Aspire Lite AL15 AMD Ryzen 7 8840HS RAM 16 GB SSD 512 GB Windows 11 + Office Home Student 15"" Full HD IPS",10749000,AMD,RYZEN 7,UNKNOWN,16.0,INTEGRATED,15.0,RYZEN 7 UNKNOWN,14000,2500,PELAJAR/ADMIN
"Laptop Lenovo V14 G4 Intel Core i7 13620H RAM 16 GB SSD 512 GB Windows 11 + Office Home Student 14"" FHD IPS",10799000,INTEL,INTEL CORE 1,3620H,16.0,INTEGRATED,14.0,INTEL CORE 1 3620H,5000,2500,BASIC/ENTRY
"Laptop ASUS TUF FA607NUG AMD Ryzen 7 7445HS RAM 16 GB SSD 512 Gb Windows 11 + Office Home Student 15.6"" FHD+ IPS 144 Hz",15499000,AMD,RYZEN 7,UNKNOWN,16.0,INTEGRATED,15.6,RYZEN 7 UNKNOWN,14000,2500,PELAJAR/ADMIN
"Laptop ASUS Expertbook P5405CSA Intel Core Ultra 7 258V RAM 32 GB SSD 1 TB WIndows 11 + Office Home Student 14"" WQXGA 100 Srgb",17399000,INTEL,INTEL CORE 5,405CS,32.0,INTEGRATED,14.0,INTEL CORE 5 405CS,5000,2500,BASIC/ENTRY
"Laptop HP 14 Intel Core i3 1315U RAM 4 GB / 8 GB SSD 512 GB WIndows 11 + Office Home Student 14"" Full HD CoPillot",6199000,INTEL,INTEL CORE 3,1315U,8.0,INTEGRATED,14.0,INTEL CORE 3 1315U,10000,2500,PELAJAR/ADMIN
"Laptop Lenovo Ideapad SLim 3 14 INtel Celeron N100 RAM 8 GB SSD 512 GB Windows 11 + Office Home Student 14"" Full HD",5049000,INTEL,CELERON/ENTRY,N100,8.0,INTEGRATED,14.0,CELERON/ENTRY N100,2500,2500,BASIC/ENTRY
"Laptop Acer nitro V15 AMD Ryzen 7 7445HS GeForce rtx 4050 6 GB RAM 16 GB SSD 512 GB + Windows + Office HOme Student 15.6"" Full HD 180 Hz 100 SRGB",14399000,AMD,RYZEN 7,180,16.0,RTX 4050,15.6,RYZEN 7 180,14000,18000,GAMING/RENDERING BERAT
"Laptop Acer Nitro Lite 16 Core 7 240H GeForce RTX 3050 6 GB RAM 16 GB SSD 512 GB Windows 11 + Office Home Student 16"" WUXGA 180 Hz 100 Srgb",12749000,INTEL,INTEL CORE 7,240H,16.0,RTX 3050,16.0,INTEL CORE 7 240H,15000,12000,MENENGAH/OFFICE MULTITASKING
"Laptop Acer Nitro V 16S AMD Ryzen AI 9 365 GeForce RTX 5060 8 GB RAM 16 GB SSD 512 GB Windows 11 + Office Home Student 16"" WQXGA 180 Hz 100 Srgb",24999000,AMD,RYZEN AI 9,365,16.0,RTX 5060,16.0,RYZEN AI 9 365,34000,26000,GAMING/RENDERING BERAT
"Laptop Acer Nitro V 16S AMD Ryzen AI 9 365 GeForce RTX 5070 8 GB RAM 16 GB SSD 512 GB Windows 11 + Office Home Student 16"" WQXGA 180 Hz 100 Srgb",26999000,AMD,RYZEN AI 9,365,16.0,RTX 5070,16.0,RYZEN AI 9 365,34000,32000,GAMING/RENDERING BERAT
"Laptop Acer Aspire Lite AL15 AMD Ryzen 7 7730U RAM 8 GB SSD 512 GB Windows 11 + Office Home Student 15"" Full HD IPS",8119000,AMD,RYZEN 7,7730U,8.0,INTEGRATED,15.0,RYZEN 7 7730U,14000,2500,PELAJAR/ADMIN
"Laptop Acer Aspire Go 14 AG 14 Intel Core i3 1315 RAM 8 GB / 16 GB SSD 256 gb / 512 GB Windows 11 + Office Home Student 14"" WUXGA IPS",6099000,INTEL,CORE I3,1315,16.0,INTEGRATED,14.0,CORE I3 1315,5000,2500,BASIC/ENTRY
"Laptop ASUS TUF A16 FA608UH AMD Ryzen 7 260 GeForce RTX 5050 8 GB RAM 16 GB SSD 512 GB Windows 11 + Office Home Student 16"" WUXGA 165Hz 100",18319000,AMD,RYZEN 7,260,16.0,RTX 5050,16.0,RYZEN 7 260,14000,2500,PELAJAR/ADMIN
Laptop Lenovo LOQ 15 Intel Core i7 13650HX RTX 4050 6 GB RAM 16 GB SSD 512 GB Windows 11 + Office Home Student 15.6 Full HD 144Hz 100 Srgb,16199000,INTEL,INTEL CORE 1,3650HX,16.0,RTX 4050,15.6,INTEL CORE 1 3650HX,33000,18000,GAMING/RENDERING BERAT
Laptop Lenovo Loq 15 Intel Core I5 13450HX Geforce RTX 3050 6 GB RAM 16 GB SSD 512 GB Windows 11 + Office Home Student 15.6 Full HD 144Hz 100 Srgb,13199000,INTEL,INTEL CORE 1,3450HX,16.0,RTX 3050,15.6,INTEL CORE 1 3450HX,5000,12000,BASIC/ENTRY
Laptop Lenovo LOQ 15 Intel Core i7 13650HX RTX 4060 8 GB RAM 16 GB SSD 512 GB Windows 11 + Office Home Student 15.6 Full HD 144Hz 100 Srgb,18999000,INTEL,INTEL CORE 1,3650HX,16.0,RTX 4060,15.6,INTEL CORE 1 3650HX,33000,22000,GAMING/RENDERING BERAT
"Laptop ACER ASPIRE LITE AL15 AMD RYZEN 5 7430 RAM 8GB SSD 512GB Windows 11 + Office Home Student 15"" fhd",6899000,AMD,RYZEN 5,7430,8.0,INTEGRATED,15.0,RYZEN 5 7430,11000,2500,PELAJAR/ADMIN
"Laptop HP 14 Intel Core Core 5 120U RAM 8 GB SSD 512 GB Windows 11 + Office Home Student 14"" Full HD Backlight CoPilot",8399000,INTEL,INTEL CORE 5,120U,8.0,INTEGRATED,14.0,INTEL CORE 5 120U,14000,2500,PELAJAR/ADMIN
"Laptop Lenovo V15 G5 Intel COre I5 13420H RAM 8 GB SSD 512 GB Windows 11 + Office Home Student 15.6"" FUll HD IPS",8299000,INTEL,INTEL CORE 1,3420H,8.0,INTEGRATED,15.6,INTEL CORE 1 3420H,5000,2500,BASIC/ENTRY
"Laptop Lenovo V15 G5 Intel COre i3 1315 RAM 8 GB SSD 512 GB Windows 11 + Office HOme Student 15.6"" FUll HD IPS",6499000,INTEL,CORE I3,1315,8.0,INTEGRATED,15.6,CORE I3 1315,5000,2500,BASIC/ENTRY
"Laptop Lenovo Ideapad Slim 5 14 OLED intel Core Ultra 5 225H RAm 16GB SSD 512 GB Windows 11 + Office Home Student 14"" WUXGA",12599000,INTEL,INTEL ULTRA 5,225H,16.0,INTEGRATED,14.0,INTEL ULTRA 5 225H,20000,2500,MENENGAH/OFFICE MULTITASKING
"Laptop Lenovo Ideapad Slim 5 14 OLED Intel Core Ultra 7 255H RAm 16 GB SSD 512 GB Windows 11 + Office Home Student 14"" WUXGA",14699000,INTEL,INTEL ULTRA 7,255H,16.0,INTEGRATED,14.0,INTEL ULTRA 7 255H,25000,2500,PROFESSIONAL/CODING BERAT
"Laptop ASUS Vivobook 14 M1405YA AMD Ryzen 7 7730 RAM 16 GB SSD 1 TB WIndows 11 + Office Home Student 14"" WUXGA VIPS",10669000,APPLE,APPLE SILICON,M1,16.0,INTEGRATED,14.0,APPLE SILICON M1,14500,2500,PELAJAR/ADMIN
"Laptop Lenovo IDEAPAD SLIM 5 OLED 14 Intel Core i5 13420H RAM 16gb SSD 512ssd W11 + OHS 14"" WUXGA BLIT 2Y + 2ADP",11099000,INTEL,INTEL CORE 1,3420H,16.0,INTEGRATED,14.0,INTEL CORE 1 3420H,5000,2500,BASIC/ENTRY
"HP Omnibook Ultra FLIP 14 OLED ULTRA 7 258V 32gb 1TB W11 + OHS 14"" 2.8K VRR 120HZ 2Y+ADP 2in1 EVO",25799000,INTEL,INTEL ULTRA 7,258V,32.0,INTEGRATED,14.0,INTEL ULTRA 7 258V,25000,2500,PROFESSIONAL/CODING BERAT
"Laptop ASUS Gaming K16 K3605VC Intel COre I5 13420H RTX 3050 4GB RAM 8 GB SSD 512 GB Windows 11 + Office Home Student 16"" WUXGA",9739000,INTEL,INTEL CORE 3,605VC,8.0,RTX 3050,16.0,INTEL CORE 3 605VC,5000,12000,BASIC/ENTRY
"Laptop ASUS Expertbook P5405CSA Intel COre Ultra 5 226V RAM 16 GB SSD 512 GB Windows 11 + Office Home Student 14"" WQXGA",13699000,INTEL,INTEL CORE 5,405CS,16.0,INTEGRATED,14.0,INTEL CORE 5 405CS,5000,2500,BASIC/ENTRY
"Laptop Acer Aspire Lite 14 AL14 Core 3 N355 RAM 8GB SSD 512 GB Windows 11 + Office Home Student 14"" inch WUXGA IPS",6049000,UNKNOWN,UNKNOWN,UNKNOWN,8.0,INTEGRATED,14.0,UNKNOWN UNKNOWN,5000,2500,BASIC/ENTRY
"Laptop Gaming Acer Predator Helios Neo OLED 16S AI Intel Core Ultra 9 275HX GeForce RTX 5070 VRAM 8 GB RAM 32 GB SSD 1 TB Windows 11 + Office Home Student 16"" WQXGA 240 Hz",35399000,INTEL,INTEL ULTRA 9,275HX,32.0,RTX 5070,16.0,INTEL ULTRA 9 275HX,32000,32000,GAMING/RENDERING BERAT
Laptop HP Victus 15 AMD Ryzen 7 7445HS GeForce RTX 4050 6 GB RAm 16 GB SSD 512 GB Windows 11 + Office Home Student 15.6 Full HD 144Hz,15699000,AMD,RYZEN 7,UNKNOWN,16.0,RTX 4050,15.6,RYZEN 7 UNKNOWN,14000,18000,GAMING/RENDERING BERAT
"Laptop HP 14 AMD Ryzen 3 7320 RAM 8 GB SSD 512 Gb Windows 11 + Office Home Student 14"" Full HD IPS",5849000,AMD,RYZEN 3,7320,8.0,INTEGRATED,14.0,RYZEN 3 7320,5000,2500,BASIC/ENTRY
Laptop ASUS TUF A15 FA506NCG AMD Ryzen 7 7445HS Geforce RTX 3050 4 GB RAM 8 GB SSD 512 GB Windows 11 + Office Home Student 15.6 Full HD 144 Hz,12149000,AMD,RYZEN 7,UNKNOWN,8.0,RTX 3050,15.6,RYZEN 7 UNKNOWN,14000,12000,PELAJAR/ADMIN
Laptop MSI Cyborg 15 Intel Core 5 210H GeForce RTX 5060 8 GB RAM 16 GB SSD 512 GB Windows 11 + Office Home Student 15.6 Full HD IPS 144 Hz,17099000,INTEL,INTEL CORE 5,210H,16.0,RTX 5060,15.6,INTEL CORE 5 210H,15000,26000,GAMING/RENDERING BERAT
"Laptop Lenovo Legion 5 OLED Intel Core i7 14700HX GeForce RTX 5060 8 Gb RAM 16 GB SSD 512 GB Windows 11 + Office Home Student 15.1"" WQXGA 165Hz 24Zrgb",24719000,INTEL,INTEL CORE 1,4700HX,16.0,RTX 5060,15.1,INTEL CORE 1 4700HX,5000,26000,GAMING/RENDERING BERAT
"Laptop Advan Workmate Intel Core i3 1215U RAm 8 GB SSD 256 Gb Windows 11 14"" WUXGA IPS",5299000,INTEL,INTEL CORE 3,1215U,8.0,INTEGRATED,14.0,INTEL CORE 3 1215U,9500,2500,PELAJAR/ADMIN
Laptop Lenovo Thinkpad X13 G6 Intel Core Ultra 7 255U RAm 32 GB SSD 1 Tb Windows 11 Pro 13.3 WUXGA IPS 100 Srgb,29699000,INTEL,INTEL ULTRA 7,255U,32.0,INTEGRATED,13.3,INTEL ULTRA 7 255U,25000,2500,PROFESSIONAL/CODING BERAT
Laptop Lenovo Thinkpad L13 G6 Intel Core Ultra 7 255U RAM 16 GB SSD 1 Tb Windows 11 Pro 13.3 WUXGA IPS,23999000,INTEL,INTEL ULTRA 7,255U,16.0,INTEGRATED,13.3,INTEL ULTRA 7 255U,25000,2500,PROFESSIONAL/CODING BERAT
Laptop Lenovo Thinkpad L13 G6 Intel Core Ultra 5 225U RAm 16 GB SSD 512 GB Windows 11 Pro 13.3 WUXGA IPS,19699000,INTEL,INTEL ULTRA 5,225U,16.0,INTEGRATED,13.3,INTEL ULTRA 5 225U,20000,2500,MENENGAH/OFFICE MULTITASKING
"Laptop Lenovo Legion 7 16 OLED Intel Core Ultra 9 275HX GeForce RTX5070 8 GB RAM 32 GB SSD 1 Tb Windows 11 + Office Home Student 16"" WQXGA 165Hz",37099000,INTEL,INTEL ULTRA 9,275HX,32.0,RTX 5070,16.0,INTEL ULTRA 9 275HX,32000,32000,GAMING/RENDERING BERAT
"Laptop Lenovo Legion 5 15 OLED AMD Ryzen AI 7 350  GeForce RTX 5060 8 GB RAM 16 GB SSD 512 GB Windows 11 + Office Home Stduent 16"" WQXGA 165 Hz",25299000,AMD,RYZEN AI 7,350,16.0,RTX 5060,15.0,RYZEN AI 7 350,29000,26000,GAMING/RENDERING BERAT
Laptop Lenovo Legion 5 15 OLED AMD Ryzen AI 7 350 GeForce RTX 5070 8 GB RAM 32 GB SSD 1 Tb Windows 11 + Office Home Student 15.1 WQXGA 165 Hz,28999000,AMD,RYZEN AI 7,350,32.0,RTX 5070,15.0,RYZEN AI 7 350,29000,32000,GAMING/RENDERING BERAT
Laptop Lenovo Legion 5 15 OLED Intel Core Ultra 7 255HX GeForce RTX 5060 8 GB RAM 32 GB SSD 512 GB Windows 11 + Office HOme Student 15.1 WQXGA 165 Hz,26699000,INTEL,INTEL ULTRA 7,255HX,32.0,RTX 5060,15.0,INTEL ULTRA 7 255HX,25000,26000,GAMING/RENDERING BERAT
"Laptop Lenovo Legion 5 15 OLED Intel Core Ultra 7 255HX GeForce RTX 5070 8 GB RAm 32 GB SSD 512 GB Windows 11 + Office Home Student 15.1"" WQXGA 165 Hz",29999000,INTEL,INTEL ULTRA 7,255HX,32.0,RTX 5070,15.0,INTEL ULTRA 7 255HX,25000,32000,GAMING/RENDERING BERAT
"Laptop Lenovo Legion Pro 5 16 OLED Intel COre Ultra 8 275HX GeForce RTX 5070Ti 12 GB RAM 32 GB SSD 1 Tb WIndows 11 + Office Home Student 16"" WQXGA 240Hz",37549000,INTEL,INTEL ULTRA 8,275HX,32.0,RTX 5070,16.0,INTEL ULTRA 8 275HX,5000,32000,GAMING/RENDERING BERAT
"Laptop ASUS Zenbook 14 OLED UM3406KA AMD Ryzen Ai 7 350 RAM 16 GB SSD 512 Gb Windows 11 + Office HOme Student 14""",15799000,AMD,RYZEN AI 7,350,16.0,INTEGRATED,14.0,RYZEN AI 7 350,29000,2500,PROFESSIONAL/CODING BERAT
"Laptop Gaming ASUS TUF F16 FX607VU Intel Core 5 210H GeForce RTX4050 6GB RAM 16 GB SSD 512 GB Windows 11 + Office Home Student 16"" WUXGA 165Hz 100SRGB",15899000,INTEL,INTEL CORE ,607VU,16.0,RTX 4050,16.0,INTEL CORE  607VU,5000,18000,GAMING/RENDERING BERAT
"Laptop Lenovo Legion Pro 5I 16 Intel COre i9 14900HX GeForce RTX 5060 8GB RAM 32 GB SSD 1 TB Windows 11 + Office Home Student 16"" WQXGA 240 HZ 100 DCIP3",28249000,INTEL,INTEL CORE 1,4900HX,32.0,RTX 5060,16.0,INTEL CORE 1 4900HX,5000,26000,GAMING/RENDERING BERAT
"Laptop Lenovo Thinkpad T14 Gen 6 Intel Core Ultra 7 255H RAm 32 GB SSD 1 TB 14"" 2.8K Windows 11 pro",27599000,INTEL,INTEL ULTRA 7,255H,32.0,INTEGRATED,14.0,INTEL ULTRA 7 255H,25000,2500,PROFESSIONAL/CODING BERAT
Laptop HP Victus 15 AMD Ryzen 7 7445HS GeForce RTX 3050 6 GB RAm 16 GB SSD 512 GB Windows 11 + Office Home Student 15.6 Full HD 144Hz,11599000,AMD,RYZEN 7,UNKNOWN,16.0,RTX 3050,15.6,RYZEN 7 UNKNOWN,14000,12000,PELAJAR/ADMIN
"Laptop Gaming HP Omen Max 16 AMD RYZEN AI 9 HX 375 RTX 5080 16 GB RAM 32 GB SSD 1 TB Windows 11 + Office Home Student 16"" WQXGA 240 Hz 100Srgb PKRGB",49099000,AMD,RYZEN AI 9,375,32.0,RTX 5080,16.0,RYZEN AI 9 375,34000,38000,GAMING/RENDERING BERAT
"Laptop HP Omen 16 AMD Ryzen AI 7 GeForce RTX 5070 8GB RAM 16 GB SSD 1 Tb Windows 11 + Office Home Student 16"" WUXGA 165Hz",30349000,AMD,RYZEN AI 7,5070,16.0,RTX 5070,16.0,RYZEN AI 7 5070,29000,32000,GAMING/RENDERING BERAT
"Laptop HP Omen 16 AMD Ryzen AI 9 365 GeForce RTX 5060 8GB RAM 32 GB SSD 1 Tb Windows 11 + Office Home Student 16"" WQXGA 165Hz",27599000,AMD,RYZEN AI 9,365,32.0,RTX 5060,16.0,RYZEN AI 9 365,34000,26000,GAMING/RENDERING BERAT
"Laptop HP Omen 16 AMD Ryzen AI 7 GeForce RTX 5060 8GB RAM 16 GB SSD 1 Tb Windows 11 + Office Home Student 16"" WUXGA 165Hz",22799000,AMD,RYZEN AI 7,5060,16.0,RTX 5060,16.0,RYZEN AI 7 5060,29000,26000,GAMING/RENDERING BERAT
"Laptop HP Omnibook 7 OLED 14 Intel COre 9 270H RAM 32 GB SSD 1 Tb Windows 11 + Office Home Student 14"" 3K 120 Hz",21999000,INTEL,INTEL CORE 9,270H,32.0,INTEGRATED,14.0,INTEL CORE 9 270H,5000,2500,BASIC/ENTRY
"Laptop HP Omnibook 5 Flip Touch Screen 14 intel Core 7 150U RAm 16 GB SSD 512 GB Windows 11 + Office Home Student 14"" 2K 2 in 1 + Pen",14499000,INTEL,INTEL CORE 7,150U,16.0,INTEGRATED,14.0,INTEL CORE 7 150U,16000,2500,MENENGAH/OFFICE MULTITASKING
"Laptop HP Omnibook 5 Flip Touch Screen 14 intel Core 5 120U RAm 16 GB SSD 512 GB Windows 11 + Office Home Student 14"" 2K 2 in 1 + Pen",12649000,INTEL,INTEL CORE 5,120U,16.0,INTEGRATED,14.0,INTEL CORE 5 120U,14000,2500,PELAJAR/ADMIN
"Laptop HP Victus 15 AMD Ryzen AI 7 350 GeForce RTX 5060 8 GB RAM 16 GB SSD 1 TB Windows 11 + Office Home Student 15.6"" Full HD 144Hz",20399000,AMD,RYZEN AI 7,350,16.0,RTX 5060,15.6,RYZEN AI 7 350,29000,26000,GAMING/RENDERING BERAT
"Laptop HP Victus 15 AMD Ryzen AI 5 340 GeForce RTX 5060 8 GB RAM 16 GB SSD 1 TB Windows 11 + Office Home Student 15.6"" Full HD 144Hz",18849000,AMD,RYZEN AI 5,340,16.0,RTX 5060,15.6,RYZEN AI 5 340,5000,26000,GAMING/RENDERING BERAT
"Laptop HP Victus 15 AMD Ryzen 7 260 GeForce RTX 5050 8 GB RAM 16 GB SSD 512 GB Windows 11 + Office Home Student 15.6"" Full HD 144Hz",18349000,AMD,RYZEN 7,260,16.0,RTX 5050,15.6,RYZEN 7 260,14000,2500,PELAJAR/ADMIN
"Laptop HP Victus 15 AMD Ryzen 5 240 GeForce RTX 5050 8 GB RAM 16 GB SSD 512 GB Windows 11 + Office Home Student 15.6"" Full HD 144Hz",16799000,AMD,RYZEN 5,240,16.0,RTX 5050,15.6,RYZEN 5 240,11000,2500,PELAJAR/ADMIN
Laptop HP Ombibook 3 Next Gen AI AMD Ryzen AI 5 340 RAM 16 GB  SSD 512 GB Windows 11 + Office Home Student,10899000,AMD,RYZEN AI 5,340,16.0,INTEGRATED,0.0,RYZEN AI 5 340,5000,2500,BASIC/ENTRY
"Laptop HP OMEN Transcend 14 OLED Intel COre Ultra 7 255H GeForce RTX 5060 8 GB RAM 32 GB SSD 1 TB Windows 11 + Office Home Student 14"" 3K 120 Hz",31699000,INTEL,INTEL ULTRA 7,255H,32.0,RTX 5060,14.0,INTEL ULTRA 7 255H,25000,26000,GAMING/RENDERING BERAT
Laptop MSI Cyborg 15 Intel Core 5 210H GeForce RTX 5050 8 GB RAM 16 GB SSD 512 GB Windows 11 + Office Home Student 15.6 Full HD IPS 144 Hz,14999000,INTEL,INTEL CORE 5,210H,16.0,RTX 5050,15.6,INTEL CORE 5 210H,15000,2500,MENENGAH/OFFICE MULTITASKING
"Laptop Lenovo Legion 5 15 Intel Core i7 13650HX RTX 5050 8 GB RAM 16 gb SSD 512 GB Windows 11 + Office Home Student 15.3"" WUXGA 165Hz 100Srgb",19399000,INTEL,INTEL CORE 1,3650HX,16.0,RTX 5050,15.3,INTEL CORE 1 3650HX,33000,2500,PROFESSIONAL/CODING BERAT
Laptop Tecno Megabook K15S AMD Ryzen 5 7430 RAm 8 GB SSD 512 GB Windows 11 15.6 Full HD IPS,6299000,AMD,RYZEN 5,7430,8.0,INTEGRATED,15.6,RYZEN 5 7430,11000,2500,PELAJAR/ADMIN
"Laptop Acer Aspire 7 Pro A715 Intel Core i7 13620H RTX 3050 6GB RAm 16 GB SSD 512 GB WIndows 11 + Office Home Student 15.6y"" Full HD 144 Hz",12399000,INTEL,INTEL CORE 1,3620H,16.0,RTX 3050,15.6,INTEL CORE 1 3620H,5000,12000,BASIC/ENTRY
"Laptop Acer Nitro Lite 16 Core 5 210H GeForce RTX 3050 6 GB RAM 16 GB SSD 512 GB Windows 11 + Office Home Student 16"" WUXGA 180 Hz 100 Srgb",11499000,INTEL,INTEL CORE 5,210H,16.0,RTX 3050,16.0,INTEL CORE 5 210H,15000,12000,MENENGAH/OFFICE MULTITASKING
"Laptop Acer Nitro V 16S AMD Ryzen 5 240 GeForce RTX 5050 8 GB RAM 16 GB SSD 512 GB Windows 11 + Office Home Student 16"" WUXGA 180 Hz 100 Srgb",17299000,AMD,RYZEN 5,240,16.0,RTX 5050,16.0,RYZEN 5 240,11000,2500,PELAJAR/ADMIN
"Laptop Acer Nitro V16S AMD Ryzen 7 260 GeForce RTX 5050 8 GB RAM 16 GB SSD 512 GB Windows 11 + Office Home Student 16"" WUXGA 180 Hz 100 Srgb",18599000,AMD,RYZEN 7,260,16.0,RTX 5050,16.0,RYZEN 7 260,14000,2500,PELAJAR/ADMIN
"Laptop Acer Nitro V 16S AMD Ryzen 7 260 GeForce RTX 5060 8 GB RAM 16 GB SSD 512 GB Windows 11 + Office HOme Student 16"" WQXGA 180Hz 100 Srgb",20499000,AMD,RYZEN 7,260,16.0,RTX 5060,16.0,RYZEN 7 260,14000,26000,GAMING/RENDERING BERAT
Laptop HP Victus 15 AMD Ryzen 7 8845HS GeForce RTX 4050 6 GB RAm 8 GB SSD 512 GB Windows 11 + Office Home Student 15.6 Full HD 144Hz,15099000,AMD,RYZEN 7,UNKNOWN,8.0,RTX 4050,15.6,RYZEN 7 UNKNOWN,14000,18000,GAMING/RENDERING BERAT
"Laptop HP Omnibook X 14 Touch Screen Snapdragon X Elite X1E 78100 RAM 16 GB SSD 1 TB Windows 11 + Office Home Student 14"" 2.2K",18599000,UNKNOWN,UNKNOWN,UNKNOWN,16.0,INTEGRATED,14.0,UNKNOWN UNKNOWN,5000,2500,BASIC/ENTRY
"Laptop HP Pavilion Plus 14 OLED Intel COre i7 1355 RAM 16 GB SSD 1 Tb Windows 11 + Office Home Student 14"" 2.8K",14999000,INTEL,CORE I7,1355,16.0,INTEGRATED,14.0,CORE I7 1355,15000,2500,MENENGAH/OFFICE MULTITASKING
"Laptop HP 14 Intel Core i3 1315 RAM 8 GB SSD 512 GB Windows 11 + Office Home Student 14"" FHD Blit Copilot",6499000,INTEL,CORE I3,1315,8.0,INTEGRATED,14.0,CORE I3 1315,5000,2500,BASIC/ENTRY
"Laptop Lenovo Thinkpad L13 2in1 Gen 6 Touch Screen Intel Core Ultra 7 255U RAM 16 GB SSD 1 Tb WIndows 11 Pro 13.3"" WUXGA IPS 100 Srgb + Pen",26199000,INTEL,INTEL ULTRA 7,255U,16.0,INTEGRATED,13.3,INTEL ULTRA 7 255U,25000,2500,PROFESSIONAL/CODING BERAT
Laptop MSI Cyborg 15 Intel Core 7 240H RTX 5060 8 GB RAM 16 GB SSD 512 GB Windows 11 + Office Home Student 15.6 Full HD 144Hz,17499000,INTEL,INTEL CORE 7,240H,16.0,RTX 5060,15.6,INTEL CORE 7 240H,15000,26000,GAMING/RENDERING BERAT
"Laptop MSI Stealth A16 Mercedes AMG AI+ AMD Ryzen AI 9 HX 370 GeForce RTX 5070 8 GB RAM 32 GB SSD 1 TB Windows 11 + Office Home Student 16"" QHD+ OLED 240 Hz",43499000,AMD,RYZEN AI 9,370,32.0,RTX 5070,16.0,RYZEN AI 9 370,34000,32000,GAMING/RENDERING BERAT
Laptop Lenovo Thinkpad X13 Gen 5 Intel Core Ultra 135U RAM 16 GB SSD 512 GB Windows 11 Pro 13.3 WUXGA 100 SRGB,23999000,INTEL,INTEL ULTRA ,135U,16.0,INTEGRATED,13.3,INTEL ULTRA  135U,5000,2500,BASIC/ENTRY
"Laptop Lenovo Yoga Book 9 Intel Core Ultra 9 285H RAM 32 GB SSD 1 TB Windows 11 + office Home Student 2x 14"" 2.8K WQXGA+ OLED 120 Hz",36999000,INTEL,INTEL ULTRA 9,285H,32.0,INTEGRATED,14.0,INTEL ULTRA 9 285H,32000,2500,PROFESSIONAL/CODING BERAT
"Laptop ASUS ROG Strix G16 G614PH AMD RYZEN 9 8940HX RTX 5050 8 Gb RAm 16 GB SSD 512 GB Windows 11 + Office Home Student 16"" WUXGA",22099000,AMD,RYZEN 9,8940HX,16.0,RTX 5050,16.0,RYZEN 9 8940HX,28000,2500,PROFESSIONAL/CODING BERAT
"Laptop ASUS TUF A14 FA401UH AMD Ryzen 7 260 RTX5050 VRAM 8GB RAM 32 GB SSD 512 GB Windows 11 + Office Home Student 14"" WQXGA 165Hz 100 Srgb",22949000,AMD,RYZEN 7,260,32.0,RTX 5050,14.0,RYZEN 7 260,14000,2500,PELAJAR/ADMIN
"Laptop ASUS TUF FA608UP AMD Ryzen 7 260 GeForce RTX 5070 8GB RAM 16 GB SSD 1 TB Windows 11 + Office Home Student 16"" WUXGA 165Hz 100Srgb",23599000,AMD,RYZEN 7,260,16.0,RTX 5070,16.0,RYZEN 7 260,14000,32000,GAMING/RENDERING BERAT
Laptop Acer Nitro V 15 Intel Core I7 13620H RTX 5050 8 GB RAM 16 GB SSD 512 GB Windows 11 + office Home Student 15.6 Full HD 180Hz 100Srgb,17799000,INTEL,INTEL CORE 1,3620H,16.0,RTX 5050,15.6,INTEL CORE 1 3620H,5000,2500,BASIC/ENTRY
"Laptop Acer Nitro V 15 Intel Core i5 13420H RTX 5050 8GB RAm 16 GB SSD 512 GB Windows 11 + Office Home Student 15.6"" 180Hz 100 Srgb",15599000,INTEL,INTEL CORE 1,3420H,16.0,RTX 5050,15.6,INTEL CORE 1 3420H,5000,2500,BASIC/ENTRY
"Laptopo Lenovo LOQ 15 Intel Core I7 13700HX GeForce RTX 5050 8GB RAM 12 GB SSD 512 GB Windows 11 + Office Home Student 15,5: Full HD",18499000,INTEL,INTEL CORE 1,3700HX,12.0,RTX 5050,0.0,INTEL CORE 1 3700HX,5000,2500,BASIC/ENTRY
"Laptop Lenovo Legion 5i OLED Intel Core i7 14700HX GeFrce RTX5050 8Gb RAM 16 GB / 24 GB SSD 512 GB Windows 11 + Office Home Student 15,1"" WQXGA 165Hz",22999000,INTEL,INTEL CORE 1,4700HX,24.0,RTX 5050,0.0,INTEL CORE 1 4700HX,5000,2500,BASIC/ENTRY
"Laptop Lenovo Thinkpad X1 2 in 1 Yoga G9 intel Core Ultra 7 165U RAM 32 GB SSD 1 TB Windows 11 Pro 14"" WUXGA 100Srgb",36299000,INTEL,INTEL ULTRA 7,165U,32.0,INTEGRATED,14.0,INTEL ULTRA 7 165U,25000,2500,PROFESSIONAL/CODING BERAT
"Laptop Lenovo Thinkpad X1 Carbon G13 Touch Screen Intel Core Ultra 7 265U RAM 32 GB SSD 1 TB Windows 11 Pro 14"" WUXGA 100SrGB",38399000,INTEL,INTEL ULTRA 7,265U,32.0,INTEGRATED,14.0,INTEL ULTRA 7 265U,25000,2500,PROFESSIONAL/CODING BERAT
"Laptop Lenovo Thinkpad X1 Carbon G13 Intel Core Ultra 7 265U RAM 32 GB SSD 1 TB Windows 11 Pro 14"" WUXGA 100SrGB",36699000,INTEL,INTEL ULTRA 7,265U,32.0,INTEGRATED,14.0,INTEL ULTRA 7 265U,25000,2500,PROFESSIONAL/CODING BERAT
"Laptop Lenovo Thinkpad T14 G6 Intel Core Ultra 5 225H RAM 16 GB SSD 512 GB 14"" WUXGA Windows 11 Pro",23399000,INTEL,INTEL ULTRA 5,225H,16.0,INTEGRATED,14.0,INTEL ULTRA 5 225H,20000,2500,MENENGAH/OFFICE MULTITASKING
"Laptop Lenovo Thinkpad E14 G6 AMD Ryzen 7 7735U RAM 16 GB SSD 1 Tb 14"" WUXGA Windows 11 Pro",18399000,AMD,RYZEN 7,7735U,16.0,INTEGRATED,14.0,RYZEN 7 7735U,14000,2500,PELAJAR/ADMIN
"Laptop Lenovo Thinkpad E14 G6 AMD Ryzen 5 7535U RAM 8 GB SSD 512 GB 14"" WUXGA Windows 11 Pro",15099000,AMD,RYZEN 5,7535U,8.0,INTEGRATED,14.0,RYZEN 5 7535U,11000,2500,PELAJAR/ADMIN
"Laptop Lenovo Thinkpad E14 G7 Intel COre Ultra 5 225U RAM 8 GB  SSD 512 GB  Windows 11 Pro 14"" WUXGA",17949000,INTEL,INTEL ULTRA 5,225U,8.0,INTEGRATED,14.0,INTEL ULTRA 5 225U,20000,2500,MENENGAH/OFFICE MULTITASKING
"Laptop MSI Crosshair A16 HX AMD Ryzen 9 7945HX GeForce RTX 5060 8GB RAM 16 GB SSD 512 GB Windows 11 + Office Home Student 16"" QHD+ 240Hz",22299000,AMD,RYZEN AI 9,7945HX,16.0,RTX 5060,16.0,RYZEN AI 9 7945HX,34000,26000,GAMING/RENDERING BERAT
"Laptop MSI Crosshair A16 HX AMD Ryzen 9 7945HX GeForce RTX 5070 8 GB RAM 16 GB SSD 512 GB Windows 11 + Office Home Student 16"" QHD+ 240Hz",24399000,AMD,RYZEN AI 9,7945HX,16.0,RTX 5070,16.0,RYZEN AI 9 7945HX,34000,32000,GAMING/RENDERING BERAT
"Laptop Acer Aspire Lite 14 AL14 Core 3 N355 RAM 16 GB SSD 512 GB Windows 11 + Office Home Student 14"" inch WUXGA IPS",6499000,UNKNOWN,UNKNOWN,UNKNOWN,16.0,INTEGRATED,14.0,UNKNOWN UNKNOWN,5000,2500,BASIC/ENTRY
"Laptop AXIOO Pongo 775 Intel Core i7 13620H RTX 5070 8GB RAM 16 GB SSD 512 GB Windows 11 16"" QHD+ 180 Hz",21699000,INTEL,INTEL CORE 1,3620H,16.0,RTX 5070,16.0,INTEL CORE 1 3620H,5000,32000,GAMING/RENDERING BERAT
"Laptop AXIOO Pongo Monster X Intel Core Ultra 275HX GeForce RTX 5090 24GB RAM 32 GB SSD 2 TB Windows 11 18"" UHD+ 240 Hz",72599000,INTEL,INTEL ULTRA ,275HX,32.0,RTX 5090,18.0,INTEL ULTRA  275HX,5000,45000,GAMING/RENDERING BERAT
"Laptop Acer Swift Edge 14 AI OLED Touch Screen Intel Core Ultra 7 258V RAM 32 GB SSD 1 TB Windows 11 + Office Home Student 14"" 3K 120Hz",24699000,INTEL,INTEL ULTRA 7,258V,32.0,INTEGRATED,14.0,INTEL ULTRA 7 258V,25000,2500,PROFESSIONAL/CODING BERAT
"Laptop ASUS Vivobook 14 A1404VAP Intel Core 5 120U RAM 16 GB SSD 512 GB Windows 11 + Office Home Student 14"" Full HD VIPS",8739000,INTEL,INTEL CORE 1,404VA,16.0,INTEGRATED,14.0,INTEL CORE 1 404VA,5000,2500,BASIC/ENTRY
"Laptop Gaming Acer Predator Helios Neo OLED 16S AI Intel Core Ultra 9 275HX GeForce RTX 5060 VRAM 8 GB RAM 16 GB SSD 1 TB Windows 11 + Office Home Student 16"" WQXGA 240 Hz",28799000,INTEL,INTEL ULTRA 9,275HX,16.0,RTX 5060,16.0,INTEL ULTRA 9 275HX,32000,26000,GAMING/RENDERING BERAT
"Laptop MSI Katana 15HX Intel Core i9 14900HX NVidia GeForce RTX 5060 8GB RAM 16 GB SSD 512 GB Windows 11 + Office Home Student 15.6"" QHD 165Hz  2 Year",25299000,INTEL,INTEL CORE 1,4900HX,16.0,RTX 5060,15.6,INTEL CORE 1 4900HX,5000,26000,GAMING/RENDERING BERAT
"Laptop ASUS Zenbook S16 UM5606WA Touch Screen AMD Ryzen AI 9 HX 370 RAM 32 GB SSD 1 TB Windows 11 + Office Home Student 16"" WQXGA 3K",27999000,AMD,RYZEN AI 9,370,32.0,INTEGRATED,16.0,RYZEN AI 9 370,34000,2500,PROFESSIONAL/CODING BERAT
"Laptop ASUS Vivobook 14 M1407KA AMD Ryzen AI 5 340 RAM 16 GB SSD 512 GB Windows 11 +Office Home Student 14"" WUXGA",10329000,APPLE,APPLE SILICON,M1,16.0,INTEGRATED,14.0,APPLE SILICON M1,14500,2500,PELAJAR/ADMIN
"Laptop ASUS Expertbook P3 P3405CVA Intel Core I5 13420H RAM 8 GB SSD 512 GB Windows 11 + Office Home Student 14"" WUXGA",10549000,INTEL,INTEL CORE 3,405CV,8.0,INTEGRATED,14.0,INTEL CORE 3 405CV,5000,2500,BASIC/ENTRY
"Laptop Lenovo Ideapad Flex 5 14 AMD Ryzen 5 5625U RAM 16 GB SSD 512 GB Windows 11 + Office Home Student 14"" WUXGA + PEN",10449000,AMD,RYZEN 5,5625U,16.0,INTEGRATED,14.0,RYZEN 5 5625U,11000,2500,PELAJAR/ADMIN
"Laptop Zyrex D-Tech Pro V1 AMD Ryzen 5 6600H RAm 16 GB SSD 512 GB Windows 11 14"" FHD IPS",6099000,AMD,RYZEN 5,6600H,16.0,INTEGRATED,14.0,RYZEN 5 6600H,11000,2500,PELAJAR/ADMIN
"Laptop Acer Aspire Lite Al14 intel Core i5 13500H RAM 8 / 16 GB SSD 512 GB Windows 11 + Office Home Student 14"" WUXGA",8579000,INTEL,INTEL CORE 1,3500H,16.0,INTEGRATED,14.0,INTEL CORE 1 3500H,28000,2500,PROFESSIONAL/CODING BERAT
"Laptop ASUS Zenbook A14 OLED Snapdragon X Elite X1E78100 RAM 32 GB SSD 512 GB WIndows 11 + Office HOme Student 14"" WUXGA",18949000,UNKNOWN,UNKNOWN,UNKNOWN,32.0,INTEGRATED,14.0,UNKNOWN UNKNOWN,5000,2500,BASIC/ENTRY
laptop Lenovo LOQ 15 intel Core i5 13450HX GeForce RTX 5050 8 GB RAM 12 GB SSD 512 GB Windows 11 + Office Home Student 15.6 FHD 144Hz 100Srgb,16399000,INTEL,INTEL CORE 1,3450HX,12.0,RTX 5050,15.6,INTEL CORE 1 3450HX,5000,2500,BASIC/ENTRY
Laptop Gaming HP Victus 15 Intel Core I5 13420H Nvidia GeForece RTX 4050 6 GB RAM 16 GB SSD 512 GB Windows 11 + Office Home Student 15.6 Full HD IPS 144 Hz,13799000,INTEL,INTEL CORE 1,3420H,16.0,RTX 4050,15.6,INTEL CORE 1 3420H,5000,18000,GAMING/RENDERING BERAT
"Laptop ASUS ROG Strix G16 G615LH Intel Core ULTRA 7 255HX GeForce RTX5050 8 GB RAM 16 GB SSD 512 GB Windows 11 + Office Home Student 16"" WQXGA 240Hz",25139000,INTEL,INTEL CORE ,615LH,16.0,RTX 5050,16.0,INTEL CORE  615LH,5000,2500,BASIC/ENTRY
"Laptop ASUS ROG Strix G16 G615JHR Intel Core i7 14650HX GeForce RTX5050 8 GB RAM 16 GB SSD 512 GB Windows 11 + Office Home Student 16"" WQXGA 240Hz",24299000,INTEL,INTEL CORE ,615JH,16.0,RTX 5050,16.0,INTEL CORE  615JH,5000,2500,BASIC/ENTRY
Laptop ASUS ROG Zephyrus G14 OLED GA403UH AMD Ryzen 9 270 GeForce RTX5050 8GB RAM 32 GB SSD 1 TB Windows 11 + Office Home Student,32599000,AMD,RYZEN 9,270,32.0,RTX 5050,14.0,RYZEN 9 270,28000,2500,PROFESSIONAL/CODING BERAT
"Laptop ASUS GAMING V16 V3607VH Intel Core 7 240H GeForce RTX 5050 8GB RAM 16 GB SSD 512 GB Windows 11 + Office Home Student 16"" Inch WUXGA 144Hz Refresh Rate",16299000,INTEL,INTEL CORE 3,607VH,16.0,RTX 5050,16.0,INTEL CORE 3 607VH,5000,2500,BASIC/ENTRY
"Laptop ASUS TUF F16 FX608JHR Intel Core i7 14650HX GeForce RTX5050 8 GB RAM 16 GB SSD 512 GB Windows 11 + Office Home Student 16"" WUXGA",21249000,INTEL,INTEL CORE ,608JH,16.0,RTX 5050,16.0,INTEL CORE  608JH,5000,2500,BASIC/ENTRY
"Laptop ASUS TUF F16 FX608JH Intel Core i5 13420HX GeForce RTX5050 8 GB RAM 16 GB SSD 512 GB Windows 11 + Office Home Student 16"" WUXGA",17599000,INTEL,INTEL CORE ,608JH,16.0,RTX 5050,16.0,INTEL CORE  608JH,5000,2500,BASIC/ENTRY
"Laptop MSI Katana 15HX Intel Core i7 14650HX NVidia GeForce RTX 5050 8GB RAM 16 GB SSD 512 GB Windows 11 + Office Home Student 15.6"" QHD 165Hz  2 Year",19999000,INTEL,INTEL CORE 1,4650HX,16.0,RTX 5050,15.6,INTEL CORE 1 4650HX,5000,2500,BASIC/ENTRY
Laptop Lenovo Legion 5I Intel core I7 14700HX GeForce RTX 5060 8GB RAM 24 GB SSD 512 GB windows 11 + Office Home Student 15.1 WQXGA 165HZ,24999000,INTEL,INTEL CORE 1,4700HX,24.0,RTX 5060,0.0,INTEL CORE 1 4700HX,5000,26000,GAMING/RENDERING BERAT
"Laptop Lenovo Legion Pro 5I OLED INtel Core Ultra 7 255HX GeForce RTX5070 8 GB / RAM 32 GB SSD 1 TB windows 11 + Office Home Student 16"" WQXGA 165 Hz",31999000,INTEL,INTEL ULTRA 7,255HX,32.0,RTX 5070,16.0,INTEL ULTRA 7 255HX,25000,32000,GAMING/RENDERING BERAT
"Laptop Lenovo Legion Pro 5I OLED INtel Core Ultra 7 255HX GeForce RTX5050 8 GB / RAM 16 GB SSD 1 TB windows 11 + Office Home Student 16"" WQXGA 165 Hz",27499000,INTEL,INTEL ULTRA 7,255HX,16.0,RTX 5050,16.0,INTEL ULTRA 7 255HX,25000,2500,PROFESSIONAL/CODING BERAT
"Laptop ASUS Expertbook P3 P3405CVA Intel Core i7 13620H RAM 16 GB SSD 1 TB Windows 11 + Office Home Student 14"" WUXGA",13099000,INTEL,INTEL CORE 3,405CV,16.0,INTEGRATED,14.0,INTEL CORE 3 405CV,5000,2500,BASIC/ENTRY
INFINIX INBOOK AIR I3 1215U 8GB 256GB W11 14.0WUXGA IPS 100SRGB,5049000,INTEL,CORE I3,1215U,8.0,INTEGRATED,14.0,CORE I3 1215U,9500,2500,PELAJAR/ADMIN
"Laptop Acer Aspire Go 14 AI Intel Core Ultra 5 125H RAM 16 / 32 GB SSD 512 GB Windows 11 + Office Home Student 14"" WUXGA 100Srgb IPS",9349000,INTEL,INTEL ULTRA 5,125H,32.0,INTEGRATED,14.0,INTEL ULTRA 5 125H,20000,2500,MENENGAH/OFFICE MULTITASKING
"Laptop Acer Aspire Go 14 AI Intel COre Ultra 7 155H RAm 16 / 32 GB SSD 512 GB Windows 11 + Office Home Student 14"" WUXGA 100SRGB",11199000,INTEL,INTEL ULTRA 7,155H,32.0,INTEGRATED,14.0,INTEL ULTRA 7 155H,25000,2500,PROFESSIONAL/CODING BERAT
"Laptop Acer Swift Go 14 AI OLED SFG14 AMD Ryzen 5 Ai 340 RAM 32 GB SSD 512 GB Windows 11 + Office Home Student 14"" 3K",15199000,AMD,RYZEN AI 5,340,32.0,INTEGRATED,14.0,RYZEN AI 5 340,5000,2500,BASIC/ENTRY
"Laptop Acer Sqift Go 14 AI OLED SFG 14 AMD Ryzen 7 AI 350 RAM 32 GB SSD 1 TB Windows 11 + Office Home Student 14"" 3K",16999000,AMD,RYZEN AI 7,350,32.0,INTEGRATED,14.0,RYZEN AI 7 350,29000,2500,PROFESSIONAL/CODING BERAT
"Laptop ASUS GAMING V16 V3607VM Intel Core 7 240H GeForce RTX 5060 6GB RAM 16 GB SSD 512 GB Windows 11 + Office Home Student 16"" Inch WUXGA 144Hz Refresh Rate",18329000,INTEL,INTEL CORE 3,607VM,16.0,RTX 5060,16.0,INTEL CORE 3 607VM,5000,26000,GAMING/RENDERING BERAT
"Laptop ASUS TUF F16 FX608JPR Intel Core i7 14650HX RTX5070 VRAM 8GB RAM 32 GB SSD 1 TB Windows 11 + Office Home Student 16"" WUXGA 165Hz 100 Srgb",27699000,INTEL,INTEL CORE ,608JP,32.0,RTX 5070,16.0,INTEL CORE  608JP,5000,32000,GAMING/RENDERING BERAT
"Laptop ASUS TUF F16 FX608JMR Intel Core i7 14650HX RTX5060 VRAM 8GB RAM 16 GB SSD 1 TB Windows 11 + Office Home Student 16"" WUXGA 165Hz 100 Srgb",23899000,INTEL,INTEL CORE ,608JM,16.0,RTX 5060,16.0,INTEL CORE  608JM,5000,26000,GAMING/RENDERING BERAT
"Laptop ASUS TUF A14 FA401KM AMD Ryzen AI 7 350 RTX5060 VRAM 8GB RAM 32 GB SSD 1 TB Windows 11 + Office Home Student 14"" WQXGA 165Hz 100 Srgb",26619000,AMD,RYZEN AI 7,350,32.0,RTX 5060,14.0,RYZEN AI 7 350,29000,26000,GAMING/RENDERING BERAT
"Laptop Gaming ASUS ROG Zephyrus G16 GU605CM Intel Core Ultra 9 285H GeForce RTX5060 8 GB RAM 32 GB 1 TB Windows 11 + Office Home Student 16"" WQXGA 240 Hz",38419000,INTEL,INTEL CORE ,605CM,32.0,RTX 5060,16.0,INTEL CORE  605CM,5000,26000,GAMING/RENDERING BERAT
"Laptop ASUS ROG Zephyrus G14 OLED GA403WM AMD Ryzen AI 9 HX370 GeForce RTX 5060 VRAM 8GB RAM 32 GB SSD 1 TB Windows 11 + Office Home Student 14"" WQXGA 120Hz",36249000,AMD,RYZEN AI 9,5060,32.0,RTX 5060,14.0,RYZEN AI 9 5060,34000,26000,GAMING/RENDERING BERAT
"Laptop Gaming Acer Predator Helios 18 AI Intel Core Ultra 9 275HX GeForce RTX 5080 16GB VRAM RAM 64 GB SSD 2 TB Windows 11 + Office Home Student 18"" WQXGA Mini LED 250 Hz",64999000,INTEL,INTEL ULTRA 9,275HX,64.0,RTX 5080,18.0,INTEL ULTRA 9 275HX,32000,38000,GAMING/RENDERING BERAT
"Laptop Lenovo Ideapad 5 2 in1 14 Touch Screen Intel Core Ultra 7 255U RAM  16 GB SSD 512 GB Windows 11 + Office Home Student 14"" WUXGA",14899000,INTEL,INTEL ULTRA 7,255U,16.0,INTEGRATED,14.0,INTEL ULTRA 7 255U,25000,2500,PROFESSIONAL/CODING BERAT
"Laptop Lenovo Yoga 7 2 in 1 14 OLED AMD Ryzen AI 5 340 RAM 24 GB SSD 1 TB Windows 11 + Office Home Student 14"" WUXGA + PEN",17399000,AMD,RYZEN AI 5,340,24.0,INTEGRATED,14.0,RYZEN AI 5 340,5000,2500,BASIC/ENTRY
"Laptop ASUS TUF FA608UM AMD Ryzen 7 260 GeForce RTX 5060 8GB RAM 16 GB SSD 512 GB Windows 11 + Office Home Student 16"" WQXGA 165Hz 100Srgb",21899000,AMD,RYZEN 7,260,16.0,RTX 5060,16.0,RYZEN 7 260,14000,26000,GAMING/RENDERING BERAT
"Laptop MSI Crosshair 16HX AI Intel Core Ultra 9 275HX NVidia GeForce RTX 5070 8GB RAM 16 GB SSD 1 TB Windows 11 + OFfice Home Student 16"" QHD+ 240Hz",29799000,INTEL,INTEL ULTRA 9,275HX,16.0,RTX 5070,16.0,INTEL ULTRA 9 275HX,32000,32000,GAMING/RENDERING BERAT
TEAM GROUP SSD NVME GEN4 MP44Q PCIE 4.0 M.2 2250 5 YEAR 1 TB 2 TB 4 TB,2650000,UNKNOWN,UNKNOWN,UNKNOWN,0.0,INTEGRATED,0.0,UNKNOWN UNKNOWN,5000,2500,BASIC/ENTRY
TEAM GROUP SSD NVME GEN3 MP33 PCIE 3.0 M.2 2280 5 YEAR 1 TB 256 GB 2 TB 512 GB UP TO 1800 MBPS,1275000,UNKNOWN,UNKNOWN,UNKNOWN,0.0,INTEGRATED,0.0,UNKNOWN UNKNOWN,5000,2500,BASIC/ENTRY
TEAM ELITE TEAM GROUP RAM SODIMM PENDEK UNTUK LAPTOP DDR5 16 GB 32 GB 8 GB 5600 MHZ,1585000,UNKNOWN,UNKNOWN,UNKNOWN,32.0,INTEGRATED,0.0,UNKNOWN UNKNOWN,5000,2500,BASIC/ENTRY
TEAM ELITE TEAM GROUP RAM SODIMM PENDEK UNTUK LAPTOP DDR4 8 GB 16 GB 32 GB 3200 MHZ,1258000,UNKNOWN,UNKNOWN,UNKNOWN,32.0,INTEGRATED,0.0,UNKNOWN UNKNOWN,5000,2500,BASIC/ENTRY
ADATA SSD NVME GEN 4 LEGEND 860 PCIE 4.0 M.2 2280 UP TO 6000 MB/S,1475000,UNKNOWN,UNKNOWN,UNKNOWN,0.0,INTEGRATED,0.0,UNKNOWN UNKNOWN,5000,2500,BASIC/ENTRY
ADATA SSD NVME GEN 3LEGEND 710 PCIE 3.0 M.2 2280 UP TO 2400 MB/S,1310000,UNKNOWN,UNKNOWN,UNKNOWN,0.0,INTEGRATED,0.0,UNKNOWN UNKNOWN,5000,2500,BASIC/ENTRY
ADATA SSD 2.5 SATA III SU650 3 YEAR WARRANTY UP TO 520 MB/S 1 TB 256 GB 2 TB,1240000,UNKNOWN,UNKNOWN,UNKNOWN,0.0,INTEGRATED,0.0,UNKNOWN UNKNOWN,5000,2500,BASIC/ENTRY
"Laptop Acer Nitro Lite 16 Intel Core i5 13420H GeForce RTX 4050 6GB RAM 16 GB SSD 512 GB Windows 11 + Office Home Student 16"" WUXGA 180Hz 100Srgb",13499000,INTEL,INTEL CORE 1,3420H,16.0,RTX 4050,16.0,INTEL CORE 1 3420H,5000,18000,GAMING/RENDERING BERAT
"Laptop ASUS GAMING V16 V3607VU Intel Core 7 240H GeForce RTX 4050 6GB RAM 16 GB SSD 512 GB Windows 11 + Office Home Student 16"" Inch WUXGA 144Hz Refresh Rate",14299000,INTEL,INTEL CORE 3,607VU,16.0,RTX 4050,16.0,INTEL CORE 3 607VU,5000,18000,GAMING/RENDERING BERAT
"Axioo PONGO 760 V2 RTX4060 8GB/i7 13620H 16gb 512ssd DOS 15"" FHD 144HZ IPS RGB 3Y",16699000,INTEL,CORE I7,13620H,16.0,RTX 4060,15.0,CORE I7 13620H,15000,22000,GAMING/RENDERING BERAT
"Laptop ASUS TUF A16 FA608PP AMD Ryzen 9 8940HX GeForce RTX 5070 8GB RAM 16 GB SSD 1 TB Windows 11 + Office Home Student 16"" WQXGA 165HZ 100Srgb",26549000,AMD,RYZEN 9,8940HX,16.0,RTX 5070,16.0,RYZEN 9 8940HX,28000,32000,GAMING/RENDERING BERAT
"Laptop Lenovo Ideapad 5 2 in1 14 Touch Screen Intel Core Ultra 5 225U RAM  16 GB SSD 512 GB Windows 11 + Office Home Student 14"" WUXGA",12799000,INTEL,INTEL ULTRA 5,225U,16.0,INTEGRATED,14.0,INTEL ULTRA 5 225U,20000,2500,MENENGAH/OFFICE MULTITASKING
Lenovo Ideapad Slim 1 14IGL7 N4500 RAM 8GB 512 SSD W11+Ohs,4349000,UNKNOWN,UNKNOWN,UNKNOWN,8.0,INTEGRATED,0.0,UNKNOWN UNKNOWN,5000,2500,BASIC/ENTRY
"Laptop Asus Vivobook 14 A1404VA Intel Core i3 1315 8gb 256 GB 512 ssd W11 + OHS 14"" FHD",6079000,INTEL,INTEL CORE 1,404VA,8.0,INTEGRATED,14.0,INTEL CORE 1 404VA,5000,2500,BASIC/ENTRY
"Laptop ASUS Expertbook P1403CVA Intel COre I7 13620H RAM 16 GB SSD 512 GB Windows 11 + Office Home Student 14"" Full HD",11249000,INTEL,INTEL CORE 1,403CV,16.0,INTEGRATED,14.0,INTEL CORE 1 403CV,5000,2500,BASIC/ENTRY
"Laptop ASUS Expertbook P1403CVA Intel COre i5 13420H RAM 16 GB SSD 512 GB Windows 11 +Office Home Student 14"" Full HD VIPS",9099000,INTEL,INTEL CORE 1,403CV,16.0,INTEGRATED,14.0,INTEL CORE 1 403CV,5000,2500,BASIC/ENTRY
Laptop ASUS Expertbook P1403CVA Intel Core i5 13420H RAM  8 GB SSD 512 GB WIndows 11 + Office Home Student 14 FUll HD,8499000,INTEL,INTEL CORE 1,403CV,8.0,INTEGRATED,0.0,INTEL CORE 1 403CV,5000,2500,BASIC/ENTRY
"Laptop ASUS Expertbook P1403CVA Intel Core i3 1315 RAM 8 GB SSD 512 GB Windows 11 + Office Home Student 14"" Full HD",6649000,INTEL,INTEL CORE 1,403CV,8.0,INTEGRATED,14.0,INTEL CORE 1 403CV,5000,2500,BASIC/ENTRY
Laptop Lenovo Legion Pro 7i 16 OLED Intel Core Ultra 9 275HX Nvidia GeForce RTX 5090 24 GB RAM 32 GB SSD 1 TB Windows 11 + Office  Home Student,68999000,INTEL,INTEL ULTRA 9,275HX,32.0,RTX 5090,16.0,INTEL ULTRA 9 275HX,32000,45000,GAMING/RENDERING BERAT
Laptop Lenovo Legion Pro 7i 16 OLED Intel Core Ultra 9 275HX Nvidia GeForce RTX 5080 16 GB RAM 32 GB SSD 1 TB Windoes 11 + Office  Home Stuedn,55199000,INTEL,INTEL ULTRA 9,275HX,32.0,RTX 5080,16.0,INTEL ULTRA 9 275HX,32000,38000,GAMING/RENDERING BERAT
LENOVO L24-4E 24INCH FHD 100HZ FLAT IPS 99SRGB 3Y,1259000,UNKNOWN,UNKNOWN,UNKNOWN,0.0,INTEGRATED,0.0,UNKNOWN UNKNOWN,5000,2500,BASIC/ENTRY
"Laptop MSI Katana 15HX Intel Core i7 14650HX NVidia GeForce RTX 5060 8GB RAM 16 GB SSD 512 GB Windows 11 + Office Home Student 15.6"" QHD 165Hz  2 Year",20999000,INTEL,INTEL CORE 1,4650HX,16.0,RTX 5060,15.6,INTEL CORE 1 4650HX,5000,26000,GAMING/RENDERING BERAT
"Laptop MSI Crosshair 16HX AI Intel Core Ultra 9 275HX NVidia GeForce RTX 5060 8GB RAM 16 GB SSD 1 TB Windows 11 + OFfice Home Student 16"" QHD+ 240Hz",27999000,INTEL,INTEL ULTRA 9,275HX,16.0,RTX 5060,16.0,INTEL ULTRA 9 275HX,32000,26000,GAMING/RENDERING BERAT
Laptop Zyrex Lifebook Intel Celeron N4020 RAM 8 GB SSD 384 GB 128 GB Windows 11 Pro 14 Inch,2549000,INTEL,CELERON/ENTRY,N4020,8.0,INTEGRATED,14.0,CELERON/ENTRY N4020,2500,2500,BASIC/ENTRY
Laptop Lenovo Ideapad Slim 3 14IAU7 I3 1315U 8GB 512SSD W11+OHS FullHD,6549000,INTEL,CORE I3,1315U,8.0,INTEGRATED,0.0,CORE I3 1315U,10000,2500,PELAJAR/ADMIN
"Laptop Gaming ASUS ROG Zephyrus G16 GU605CP Intel Core Ultra 9 285H GeForce RTX5070 8 GB RAM 32 GB 2 TB Windows 11 + Office Home Student 16"" WQXGA 240 Hz",43649000,INTEL,INTEL CORE ,605CP,32.0,RTX 5070,16.0,INTEL CORE  605CP,5000,32000,GAMING/RENDERING BERAT
"Laptop ASUS ROG Strix G18 G815LM Intel COre Ultra 9 275HX GeForece RTX 5060 12GB RAM 32 GB SSD 1 TB Windows 11 + Office Home Student 18"" WQXGA 240 Hz",34149000,INTEL,INTEL CORE ,815LM,32.0,RTX 5060,18.0,INTEL CORE  815LM,5000,26000,GAMING/RENDERING BERAT
"Laptop ASUS ROG Strix G16 G615LM Intel COre Ultra 9 275HX GeForece RTX 5060 12GB RAM 32 GB SSD 1 TB Windows 11 + Office Home Student 16"" WQXGA 240 Hz",31799000,INTEL,INTEL CORE ,615LM,32.0,RTX 5060,16.0,INTEL CORE  615LM,5000,26000,GAMING/RENDERING BERAT
"Laptop ASUS ROG Strix G16 G614FR AMD Ryzen 9 9955HX3D GeForece RTX 5070Ti 12GB RAM 32 GB SSD 1 TB Windows 11 + Office Home Student 16"" WQXGA 240 Hz",39219000,AMD,RYZEN 9,240,32.0,RTX 5070,16.0,RYZEN 9 240,28000,32000,GAMING/RENDERING BERAT
"Laptop Lenovo Yoga 7 2 in 1 2in1 14 OLED AMD Ryzen 7 8840HS RAM 16 GB SSD 1 TB Windows 11 + Office Home Student 14"" WUXGA",17399000,AMD,RYZEN 7,UNKNOWN,16.0,INTEGRATED,14.0,RYZEN 7 UNKNOWN,14000,2500,PELAJAR/ADMIN
"Laptop Lenovo Ideapad Slim 3 14 AMD Ryzen 5 5625U RAM 16 GB SSD 512 GB Windows 11 + Office Home Student 14"" Full HD IPS",8249000,AMD,RYZEN 5,5625U,16.0,INTEGRATED,14.0,RYZEN 5 5625U,11000,2500,PELAJAR/ADMIN
"Laptop ASUS Vivobook S14 M3407HA AMD Ryzen 7 260 RAM 16 GB SSD 1 TB WIndows 11 + Office Home Student 14"" WUXGA",12799000,APPLE,APPLE SILICON,M3,16.0,INTEGRATED,14.0,APPLE SILICON M3,22000,2500,MENENGAH/OFFICE MULTITASKING
"Laptop ASUS Vivobook S14 S3407CA Intel Core Ultra 5 225H RAM 16 GB SSD 1 TB WIndows 11 + Office Home Student 14"" WUXGA",12099000,INTEL,INTEL CORE 3,407CA,16.0,INTEGRATED,14.0,INTEL CORE 3 407CA,5000,2500,BASIC/ENTRY
"Laptop ASUS Vivobook S14 S3407QA Snapdragon X1 RAM 16 GB SSD 512 GB Windows 11 + Office Home Student 14"" WQXGA IPS 2.5K",9539000,UNKNOWN,UNKNOWN,UNKNOWN,16.0,INTEGRATED,14.0,UNKNOWN UNKNOWN,5000,2500,BASIC/ENTRY
"Laptop Lenovo Ideapad Slim 3 14 Intel Core i5 13420H RAM 8 GB SSD 512 GB Windows 11 + Office Home Student 14"" WUXGA IPS",8429000,INTEL,INTEL CORE 1,3420H,8.0,INTEGRATED,14.0,INTEL CORE 1 3420H,5000,2500,BASIC/ENTRY
"Laptop ASUS Vivobook 14 Flip OLED TP4307sa Intel Core Ultra 5 226V RAM 16 GB SSD 512 GB Windows 11 + Office Home Student 14"" WUXGA",15729000,INTEL,INTEL CORE 4,307SA,16.0,INTEGRATED,14.0,INTEL CORE 4 307SA,5000,2500,BASIC/ENTRY
"Laptop Lenovo Yoga Slim 7 14 Touch Screen AMD Ryzen AI 5 340 RAM 16 GB SSD 512 GB Windows 11 + Office Home Student 14"" 2.8K OLED 120 Hz",16199000,AMD,RYZEN AI 5,340,16.0,INTEGRATED,14.0,RYZEN AI 5 340,5000,2500,BASIC/ENTRY
"Laptop ASUS ROG STRIX G16 G615LP Intel Core Ultra 9 275HX GeForce RTX 5070 8 gb  RAM 32 GB SSD 1 TB Windows 11 + Office Home Student 16"" WQXGA 240Hz",34699000,INTEL,INTEL CORE ,615LP,32.0,RTX 5070,16.0,INTEL CORE  615LP,5000,32000,GAMING/RENDERING BERAT
"Laptop Gaming ASUS ROG Zephyrus G16 GU605CR Intel Core Ultra 9 285H GeForce RTX5070Ti 12 GB RAM 32 GB 2 TB Windows 11 + Office Home Student 16"" WQXGA 240 Hz",51999000,INTEL,INTEL CORE ,605CR,32.0,RTX 5070,16.0,INTEL CORE  605CR,5000,32000,GAMING/RENDERING BERAT
"Laptop Gaming ASUS ROG Zephyrus G14 OLED GA403WR AMD Ryzen AI 9 HX370 GeForce RTX 5070 Ti 12 GB RAM 32 GB SSD 2 TB Windows 11 + Office Home Student 14"" QHD 120Hz",45959000,AMD,RYZEN AI 9,5070,32.0,RTX 5070,14.0,RYZEN AI 9 5070,34000,32000,GAMING/RENDERING BERAT
"Laptop Lenovo Yoga 7 2in1 14 OLED Intel Core Ultra 5 226V RAM 16 GB SSD 512 GB Windows 11 + Office Home Student 14"" WUXGA +Pen",17499000,INTEL,INTEL ULTRA 5,226V,16.0,INTEGRATED,14.0,INTEL ULTRA 5 226V,20000,2500,MENENGAH/OFFICE MULTITASKING
"Laptop ASUS Vivobook S14 S3407CA Intel Core Ultra 7 255H RAM 16 GB SSD 1 TB Windows 11 + Office Home Student 14"" 2K",14199000,INTEL,INTEL CORE 3,407CA,16.0,INTEGRATED,14.0,INTEL CORE 3 407CA,5000,2500,BASIC/ENTRY
Laptop Asus Vivobook Go 15 E1504FA Ryzen 3 7320U 16 GB 512SSD W11+Ohs,7069000,AMD,RYZEN 3,7320U,16.0,INTEGRATED,0.0,RYZEN 3 7320U,9000,2500,PELAJAR/ADMIN
"Laptop Gaming ASUS ROG STRIX G16 G615LR Intel Core Ultra 9 275HX GeForce RTX 5070Ti 12gb  RAM 32 GB SSD 2 TB Windows 11 + Office Home Student 16"" QHD 240Hz",43819000,INTEL,INTEL CORE ,615LR,32.0,RTX 5070,16.0,INTEL CORE  615LR,5000,32000,GAMING/RENDERING BERAT
"Laptop HP 14 AMD Ryzen 3 7320 RAM 8 GB SSD 256 GB Windows 11 + Office Home Student 14"" FUll HD",5539000,AMD,RYZEN 3,7320,8.0,INTEGRATED,14.0,RYZEN 3 7320,5000,2500,BASIC/ENTRY
"Laptop Lenovo ThinkPad X1 Carbon Gen 13 AURA EDITION OLED Intel Core Ultra 7 258V RAM 32 GB SSD 1 TB Windows 11 Pro 14"" 2.8K 120Hz 3 Year",40699000,INTEL,INTEL ULTRA 7,258V,32.0,INTEGRATED,14.0,INTEL ULTRA 7 258V,25000,2500,PROFESSIONAL/CODING BERAT
"Laptop HP 14 AMD Ryzen 3 7320U RAM 8 GB SSD 512 GB Windows 11 + Office Home Student 14"" Full HD IPS",5849000,AMD,RYZEN 3,7320U,8.0,INTEGRATED,14.0,RYZEN 3 7320U,9000,2500,PELAJAR/ADMIN
Laptop Asus Vivobook 14 E1404GA I3 N305 8CORE 8GB 256-512SSD W11+OHS FHD,5799000,INTEL,INTEL CORE 1,404GA,8.0,INTEGRATED,0.0,INTEL CORE 1 404GA,5000,2500,BASIC/ENTRY
"Axioo Pongo 750 RTX4050 6GB/i7 13620H 16gb 512ssd DOS 15.6"" FHD 144HZ IPS RGB",14099000,INTEL,CORE I7,13620H,16.0,RTX 4050,15.6,CORE I7 13620H,15000,18000,GAMING/RENDERING BERAT
Laptop AXIOO HYPE-R 5 INTEL CORE I5 1235 RAM 24GB SSD 512GB 14.0 Full HD,7949000,INTEL,INTEL CORE ,512GB,24.0,INTEGRATED,14.0,INTEL CORE  512GB,5000,2500,BASIC/ENTRY
Laptop AXIOO HYPE-R 3 INTEL CORE I3 1215 RAM 12GB SSD 256GB 14.0Full HD,6049000,INTEL,INTEL CORE ,256GB,12.0,INTEGRATED,14.0,INTEL CORE  256GB,5000,2500,BASIC/ENTRY
"Laptop ASUS Gaming K16 K3605VC Intel COre I5 13420H RTX 3050 4GB RAM 16GB SSD 512 GB Windows 11 + Office Home Student 16"" WUXGA",10499000,INTEL,INTEL CORE 3,605VC,16.0,RTX 3050,16.0,INTEL CORE 3 605VC,5000,12000,BASIC/ENTRY
"Asus TUF A14 FA401UU RTX4050 6GB/RYZEN 7 8845HS 32gb 512ssd W11 + OHS 14"" QHD 165Hz 100SRGB",22369000,AMD,RYZEN 7,UNKNOWN,32.0,RTX 4050,14.0,RYZEN 7 UNKNOWN,14000,18000,GAMING/RENDERING BERAT
"Laptop Acer Nitro Lite 16 Intel Core i7 13620H RTX 2050 4GB RAM 16 GB SSD 512 GB Windows 11 + Office Home Student 16"" WUXGA 180Hz 100 Srgb",13199000,INTEL,INTEL CORE 1,3620H,16.0,RTX 2050,16.0,INTEL CORE 1 3620H,5000,9000,BASIC/ENTRY
"Laptop Lenovo Yoga Slim 7 14 Touch Screen AMD Ryzen AI 7 350H RAM 32 GB SSD 1 TB Windows 11 + Office Home Student 14"" 2.8K OLED 120 Hz",18499000,AMD,RYZEN AI 7,350H,32.0,INTEGRATED,14.0,RYZEN AI 7 350H,29000,2500,PROFESSIONAL/CODING BERAT
"Laptop SPC Life 5 Intel Core i5 12450H RAM 8 GB SSD 512 GB Windows 11 Pro 14"" Full HD IPS",5449000,INTEL,INTEL CORE 1,2450H,8.0,INTEGRATED,14.0,INTEL CORE 1 2450H,5000,2500,BASIC/ENTRY
IBOX Apple MacBook Air 13 M4 10 Core CPU 8 / 10 Core GPU Memory 16 GB / 24 GB Storage 256 GB / 512 GB - Garansi Resmi IBOX,15999000,APPLE,APPLE SILICON,M4 ,24.0,INTEGRATED,0.0,APPLE SILICON M4 ,26000,2500,PROFESSIONAL/CODING BERAT
Laptop Axioo Hype 10 N4020 8GB 256SSD Dos / W110,3549000,INTEL,CELERON/ENTRY,N4020,8.0,INTEGRATED,0.0,CELERON/ENTRY N4020,2500,2500,BASIC/ENTRY
"Laptop 2 in 1 Acer Aspire Spin ASP14 Touch Screen Intel Core Ultra 5 115U RAM 16 GB SSD 512 GB Windows 11 + Office Home Student 14"" WUXGA Pen",12749000,INTEL,INTEL ULTRA 5,115U,16.0,INTEGRATED,14.0,INTEL ULTRA 5 115U,20000,2500,MENENGAH/OFFICE MULTITASKING
"Laptop ACER Aspire Lite AL14 Intel Celeron N150 RAM 8 GB SSD 256 GB Windows 11 + Office Home Student 14"" WUXGA",4919000,INTEL,CELERON/ENTRY,N150,8.0,INTEGRATED,14.0,CELERON/ENTRY N150,2500,2500,BASIC/ENTRY
"Laptop Lenovo Yoga 7 2 in 1 14 OLED AMD Ryzen AI 5 340 RAM 16 GB SSD 512 GB Windows 11 + Office Home Student 14"" WUXGA + PEN",16299000,AMD,RYZEN AI 5,340,16.0,INTEGRATED,14.0,RYZEN AI 5 340,5000,2500,BASIC/ENTRY
Asus Vivobook Go 15 E1504FA Ryzen 5 7520U 16GB 512SSD W11+OHS FHD,8299000,AMD,RYZEN 5,7520U,16.0,INTEGRATED,0.0,RYZEN 5 7520U,11000,2500,PELAJAR/ADMIN
"Laptop ACER Mate 14 AM1 Intel Core i5 1235 RAM 8 GB SSD 512 GB Windows 11 + Office Home Student 14"" IPS",7399000,INTEL,CORE I5,1235,8.0,INTEGRATED,14.0,CORE I5 1235,12000,2500,PELAJAR/ADMIN
Laptop Lenovo Yoga Slim 7 Aura Edition 14 Touch Screen OLED Intel Core Ultra 7 258V RAM 32GB SSD 1 TB Windows 11 + Office Home Student 120 Hz EVO,19799000,INTEL,INTEL ULTRA 7,258V,32.0,INTEGRATED,0.0,INTEL ULTRA 7 258V,25000,2500,PROFESSIONAL/CODING BERAT
"Laptop Lenovo Ideapad Flex 5 14 AMD Ryzen 7 5825 RAM 16GB SSD 512 GB Windows 11 + Office Home Student 14"" WUXGA + PEN",11649000,AMD,RYZEN 7,5825,16.0,INTEGRATED,14.0,RYZEN 7 5825,14000,2500,PELAJAR/ADMIN
"Laptop ASUS Vivobook 14 A1407QA Snapdragon X X1 26100 RAM 16 GB SSD 512 GB Windows 11 + Office Home Student 14"" WUXGA",8879000,UNKNOWN,UNKNOWN,UNKNOWN,16.0,INTEGRATED,14.0,UNKNOWN UNKNOWN,5000,2500,BASIC/ENTRY
"Laptop HP Pavilion X360 14 TOUCH Intel Core 5 120U RAM 16gb SSD 512ssd Windows 11 + Office Home Student 14"" Fhd IPS FP PEN 720P CAM 2Y",11599000,INTEL,INTEL CORE 5,120U,16.0,INTEGRATED,14.0,INTEL CORE 5 120U,14000,2500,PELAJAR/ADMIN
Laptop Lenovo Yoga 9 2 in 1  AURA EDITION 14 OLED Intel Core Ultra 7 258V RAM 32 GB 1 TB Windows 11 + Office Home Student  14 4K PEN,28999000,INTEL,INTEL ULTRA 7,258V,32.0,INTEGRATED,14.0,INTEL ULTRA 7 258V,25000,2500,PROFESSIONAL/CODING BERAT
"Laptop Acer Aspire Lite 14 AL14 Core 3 N355 RAM 8GB SSD 512 GB Windows 11 + Office Home Student 14"" inch WUXGA IPS",5899000,UNKNOWN,UNKNOWN,UNKNOWN,8.0,INTEGRATED,14.0,UNKNOWN UNKNOWN,5000,2500,BASIC/ENTRY
"Lenovo Ideapad Pro 5 14 OLED Intel Core Ultra 7 255H RAM 24 GB SSD 1 TB Windows 11 + Office Home Student 14"" 2.8K 120Hz EVO",17199000,INTEL,INTEL ULTRA 7,255H,24.0,INTEGRATED,14.0,INTEL ULTRA 7 255H,25000,2500,PROFESSIONAL/CODING BERAT
ASUS ROG Strix Scar 18 G835LX Intel Core Ultra 9 275HX GeForce RTX 5090 24GB RAM 64 GB SSD 4 TB Windows 11 + Office Home Student 18/0 2.5K MINILED 240Hz PKRGB,85149000,INTEL,INTEL CORE ,835LX,64.0,RTX 5090,0.0,INTEL CORE  835LX,5000,45000,GAMING/RENDERING BERAT
"ASUS ROG Strix Scar 18 G835LW Intel Core Ultra 9 275HX GeForce RTC 5080 16 GB RAM 32 GB SSD 2 TB Windows 11 + Office Home Student 18"" 2.5K MINILED 240Hz",71999000,INTEL,INTEL CORE ,835LW,32.0,INTEGRATED,18.0,INTEL CORE  835LW,5000,2500,BASIC/ENTRY
"Laptop Gaming ASUS ROG Strix Scar 16 G635LW Intel Core Ultra 9 275HX GeForce RTX5080 16 GB RAM 32 GB SSD 2TB Windows 11 + Office Home Student 16"" 2.5K MINILED 240Hz PKRGB",70249000,INTEL,INTEL CORE ,635LW,32.0,RTX 5080,16.0,INTEL CORE  635LW,5000,38000,GAMING/RENDERING BERAT
"Laptop Gaming ASUS ROG STRIX G16 G615LW Intel COre Ultra 9 275HX GeForce RTX 5080 16gb  RAM 32 GB SSD 2 TB Windows 11 + Office Home Student 16"" 2.5K 240Hz",55999000,INTEL,INTEL CORE ,615LW,32.0,RTX 5080,16.0,INTEL CORE  615LW,5000,38000,GAMING/RENDERING BERAT
Laptop Acer Aspire 7 Pro A715 Intel Core i7 12650H GeFOrce RTX 3050 6GB RAM 16 GB SSD 512 GB Windows 11 + Office Home Student 15.6 FHD 144 Hz,11899000,INTEL,INTEL CORE 1,2650H,16.0,RTX 3050,15.6,INTEL CORE 1 2650H,5000,12000,BASIC/ENTRY
Laptop Acer Aspire 7 Pro A715 Intel COre i5 12450H GeForce RTX 3050 6GB RAM 8GB SSD 512 GB Windows 11 + Office Home Student 15.6 FHD 144Hz,10199000,INTEL,INTEL CORE 1,2450H,8.0,RTX 3050,15.6,INTEL CORE 1 2450H,5000,12000,BASIC/ENTRY
"Laptop Ringan ASUS Zenbook 14 OLED UM3406KA AMD Ryzen AI 7 350 RAM 32GB SSD 1TB Windows 11 + Office Home Student 14""",18599000,AMD,RYZEN AI 7,350,32.0,INTEGRATED,14.0,RYZEN AI 7 350,29000,2500,PROFESSIONAL/CODING BERAT
"Laptop Gaming MSI Vector 16HX AI Intel Core Ultra 275Hx NVidia GeForce RTX 5080 16 GB RAM 16 GB 1 TB Windows 11 + Office Home Student 16"" QHD+ 240",37699000,INTEL,INTEL ULTRA ,275HX,16.0,RTX 5080,16.0,INTEL ULTRA  275HX,5000,38000,GAMING/RENDERING BERAT
"Laptop Gaming MSI Raider 18HX AI Intel Core Ultra 9 285HX NVidia GeForce RtX5080 16GB RAM 64 GB SSD 4 TB Windows 11 + Office Home Student 18"" UHD+ MiniLED 120Hz",70999000,INTEL,INTEL ULTRA 9,285HX,64.0,RTX 5080,18.0,INTEL ULTRA 9 285HX,32000,38000,GAMING/RENDERING BERAT
"Laptop Gaming MSI Titan 18HX Intel Core Ultra 9 285HX GeForce RtX 5090 24G RAM 64 GB SSD 6TB Windows 11 + Officce Home Student 18"" Inch UHD+ MiniLED 120 Hz",92499000,INTEL,INTEL ULTRA 9,285HX,64.0,RTX 5090,18.0,INTEL ULTRA 9 285HX,32000,45000,GAMING/RENDERING BERAT
"Laptop Gaming MSI Titan 18HX Dragon Edition Norse Myth Intel Core Ultra 9 285HX GeForce RtX 5090 24G RAM 96 GB SSD 6TB Windows 11 + Officce Home Student 18"" Inch UHD+ MiniLED 120 Hz",101999000,INTEL,INTEL ULTRA 9,285HX,0.0,RTX 5090,18.0,INTEL ULTRA 9 285HX,32000,45000,GAMING/RENDERING BERAT
"Laptop Lenovo Ideapad Slim 3 14 intel Core i7 13620H RAM 16 GB SSD 512 GB Windows 11 + Office Home Student 14"" WUXGA IPS",11149000,INTEL,INTEL CORE 1,3620H,16.0,INTEGRATED,14.0,INTEL CORE 1 3620H,5000,2500,BASIC/ENTRY
"Laptop ADVAN 360 Stylus Pro 2 in 1 Touch Screen Intel Core i3 1215 RAM 8GB SSD 256 GB Windows 11 14"" FUll HD IPS",6499000,INTEL,CORE I3,1215,8.0,INTEGRATED,14.0,CORE I3 1215,9500,2500,PELAJAR/ADMIN
Laptop Tecno Megabook T1 14 Intel Core I5 13420H RAM 16 GB SSD 512 GB Windows 11 14 Inch WUXGA 100SRGB,7999000,INTEL,INTEL CORE 1,3420H,16.0,INTEGRATED,14.0,INTEL CORE 1 3420H,5000,2500,BASIC/ENTRY
Laptop TECNO Megabook T1 14 AMD RYZEN 5 RAM 16 GB SSD 512 GB Windows 11 14 Inch WUXGA 100SRGB,6999000,AMD,RYZEN 5,UNKNOWN,16.0,INTEGRATED,14.0,RYZEN 5 UNKNOWN,11000,2500,PELAJAR/ADMIN
"Laptop Acer Predator Helios NEO 16 Intel Core I9 14900HX 8GB RAM 16 GB SSD 1 TB Windows 11 + Office Home Student 16"" WQXGA 180 Hz 100Srgb 4 Zone RGB",22099000,INTEL,INTEL CORE 1,4900HX,16.0,INTEGRATED,16.0,INTEL CORE 1 4900HX,5000,2500,BASIC/ENTRY
Laptop HP Victus 15 AMD Ryzen 9 8945HS GeForce RTX4060 8GB RAM 16 GB SSD  1 TB Windows 11 + Office Homse Student 15.6 Full HD 144Hz 2Y+ADP,18499000,AMD,RYZEN 9,UNKNOWN,16.0,RTX 4060,15.6,RYZEN 9 UNKNOWN,28000,22000,GAMING/RENDERING BERAT
"Laptop ASUS ROG Flow Z13 GZ302EA Touch AMD Ryzen AI Max+ 395 RAM 32 / 64 GB SSD 1TB Windows 11 + Office Home Student 13.4"" 2.K 180Hz",33819000,AMD,RYZEN AI ,395,64.0,INTEGRATED,13.4,RYZEN AI  395,5000,2500,BASIC/ENTRY
"Laptop ACER ASPIRE LITE AL14 Intel Core I7 12650H RAM 16GB SSD 1TB Windows 11 + Office Home Student 14"" ips",10999000,INTEL,INTEL CORE 1,2650H,16.0,INTEGRATED,14.0,INTEL CORE 1 2650H,5000,2500,BASIC/ENTRY
"Laptop INFINIX INBOOK X2 Intel Core I5 1334U RAM 8 GB / 16 GB SSD 512GB Windows 11 14"" Full HD 100SRGB",6799000,INTEL,INTEL CORE 5,1334U,16.0,INTEGRATED,14.0,INTEL CORE 5 1334U,13000,2500,PELAJAR/ADMIN
"Laptop INFINIX XBOOK B15 AMD RYZEN 7 5825U RAM 8GB SSD 512GB WINDOWS 11 15"" FULL HD",6199000,AMD,RYZEN 7,5825U,8.0,INTEGRATED,15.0,RYZEN 7 5825U,14000,2500,PELAJAR/ADMIN
Laptop LENOVO IDEAPAD SLIM 5 14 OLED INTEL CORE 7 240H RAM 16GB SSD 512GB Windows 11+OHS 14.0WUXGA 2Y+ADP,13349000,INTEL,INTEL CORE 7,240H,16.0,INTEGRATED,14.0,INTEL CORE 7 240H,15000,2500,MENENGAH/OFFICE MULTITASKING
Laptop LENOVO IDEAPAD SLIM 5 13 AMD RYZEN 7 7735HS RAM 16GB SSD512GB Windows 11+OHS 13.3WUXGA 100SRGB,11379000,AMD,RYZEN 7,UNKNOWN,16.0,INTEGRATED,13.3,RYZEN 7 UNKNOWN,14000,2500,PELAJAR/ADMIN
Laptop AXIOO PONGO 735 INTEL CORE I7 13620H RTX3050 6GB/ RAM 16GB SSD 512GB 15.6Full HD 144HZ IPS RGB 3Y,12899000,INTEL,INTEL CORE 1,3620H,16.0,RTX 3050,15.6,INTEL CORE 1 3620H,5000,12000,BASIC/ENTRY
Laptop AXIOO HYPE-R 5 OLED INTEL CORE I5 1235 RAM 24GB SSD 512GB 14.0Full HD,9299000,INTEL,INTEL CORE ,512GB,24.0,INTEGRATED,14.0,INTEL CORE  512GB,5000,2500,BASIC/ENTRY
Laptop AXIOO HYPE-R 3 OLED INTEL CORE I3 1215 RAM 24GB SSD 256GB 14.0Full HD,7599000,INTEL,INTEL CORE ,256GB,24.0,INTEGRATED,14.0,INTEL CORE  256GB,5000,2500,BASIC/ENTRY
"Laptop ASUS GAMING V16 V3607VU Intel Core 5 210H GeForce RTX 4050 6GB RAM 16 GB SSD 512 GB Windows 11 + Office Home Student 16"" Inch 144Hz Refresh Rate",12899000,INTEL,INTEL CORE 3,607VU,16.0,RTX 4050,16.0,INTEL CORE 3 607VU,5000,18000,GAMING/RENDERING BERAT
Laptop AXIOO HYPE 7 AMD X7 AMD RYZEN 7 5825 RAM 8GB SSD 512GB Windows 11 14.0Full HD IPS,7049000,AMD,RYZEN 7,5825,8.0,INTEGRATED,14.0,RYZEN 7 5825,14000,2500,PELAJAR/ADMIN
Laptop AXIOO HYPE 7 AMD X7 AMD RYZEN 7 5825 SSD 16GB SSD 512GB DOS 14.0Full HD IPS,7249000,AMD,RYZEN 7,5825,16.0,INTEGRATED,14.0,RYZEN 7 5825,14000,2500,PELAJAR/ADMIN
Laptop AXIOO HYPE 3 G11 INTEL CORE I3 1125G4 RAM8GB SSD256GB DOS 14.0Full HD IPS,4499000,INTEL,INTEL CORE 3,1125G,8.0,INTEGRATED,14.0,INTEL CORE 3 1125G,5000,2500,BASIC/ENTRY
"Laptop ASUS Zenbook 14 Snapdragon X X1 26 100 RAM 16GB SSD 512 GB Windows 11 + Office Home Student + OFfice 365 14"" Inch WUXGA 100 SRGB",14249000,UNKNOWN,UNKNOWN,UNKNOWN,16.0,INTEGRATED,14.0,UNKNOWN UNKNOWN,5000,2500,BASIC/ENTRY
Laptop AXIOO HYPE 5 AMD X5-2 RYZEN 5 7430 RAM8GB SSD256GB DOS 14.0FullHD IPS,5899000,AMD,RYZEN 5,7430,8.0,INTEGRATED,14.0,RYZEN 5 7430,11000,2500,PELAJAR/ADMIN
LAPTOP ACER ASPIRE GO 14 AG14 AMD RYZEN 3 7320 RAM8GB SSD512GB Windows11+OHS 14.0WUXGA,6799000,AMD,RYZEN 3,7320,8.0,INTEGRATED,14.0,RYZEN 3 7320,5000,2500,BASIC/ENTRY
"Laptop Acer Swift Lite 14 Air Edition Intel Core Ultra 5 115U RAM 16 GB SSD 512 GB Windows 11 + Office Home Student 14"" WUXGA IPS - Laptop Super Ringan 999 gram",12899000,INTEL,INTEL ULTRA 5,115U,16.0,INTEGRATED,14.0,INTEL ULTRA 5 115U,20000,2500,MENENGAH/OFFICE MULTITASKING
Laptop Gaming HP Victus 15 Intel Core I5 13420H Nvidia GeForece RTX 3050 6 GB RAM 16 GB SSD 512 GB Windows 11 + Office Home Student 15.6 Full HD IPS 144 Hz,11329000,INTEL,INTEL CORE 1,3420H,16.0,RTX 3050,15.6,INTEL CORE 1 3420H,5000,12000,BASIC/ENTRY
"Laptop Axioo HYPE 5 AMD X5-2 Lollipop Edition AMD RYZEN 5 7430 RAM 8GB SSD 256GB Windows 11 14"" INch Full HD IPS BLIT HDMI",6349000,AMD,RYZEN 5,7430,8.0,INTEGRATED,14.0,RYZEN 5 7430,11000,2500,PELAJAR/ADMIN
"Laptop Acer Aspire Lite AL14 Intel Core I3 1215 RAM 8GB SSD 256 GB Windows 11 + Office Home Student 14"" INch Display WUXGA",6149000,INTEL,CORE I3,1215,8.0,INTEGRATED,14.0,CORE I3 1215,9500,2500,PELAJAR/ADMIN
Laptop AXIOO HYPE 5 AMD X5-2 RYZEN 5 7430 RAM 16GB SSD 256GB W11 14.0FHD IPS,6849000,AMD,RYZEN 5,7430,16.0,INTEGRATED,14.0,RYZEN 5 7430,11000,2500,PELAJAR/ADMIN
Laptop ADVAN TBOOK Intel Celeron N100 RAM 4GB / 8 GB SSD 128GB Windows 11,3099000,INTEL,INTEL CORE ,128GB,8.0,INTEGRATED,0.0,INTEL CORE  128GB,5000,2500,BASIC/ENTRY
"Laptop Acer Aspire Go Spin AGSP14 Touche Screen Intel Core 3 N355 RAM 8 GB SSD 512 GB Windows 11 + Office Home Student 14"" WUXGA Pen 2 In 1",8349000,UNKNOWN,UNKNOWN,UNKNOWN,8.0,INTEGRATED,14.0,UNKNOWN UNKNOWN,5000,2500,BASIC/ENTRY
"Laptop Advan Workplus AMD Ryzen 5 6600H RAM 16GB SSD 512GB Windows 11 14"" Inch Full HD IPS",6649000,AMD,RYZEN 5,6600H,16.0,INTEGRATED,14.0,RYZEN 5 6600H,11000,2500,PELAJAR/ADMIN
"Laptop ASUS Zenbook 14 OLED Touch Screen UX3405CA Intel Core Ultra 9 285H RAM 32GB SSD 1TB Windows 11 + Office Home Student 14"" 3K 120HZ Intel EVO",22349000,INTEL,INTEL CORE 3,405CA,32.0,INTEGRATED,14.0,INTEL CORE 3 405CA,5000,2500,BASIC/ENTRY
Laptop ASUS VIVOBOOK GO 14 E410KA INTEL N4500 RAM 8GB SSD 512GB W11+OHS 14.0 Full HD BLIT,5019000,INTEL,INTEL CORE ,410KA,8.0,INTEGRATED,14.0,INTEL CORE  410KA,5000,2500,BASIC/ENTRY
Laptop HP 15 I5 1354 MX570A 2GB/ RAM 8GB SSD 512GB W11+OHS 15.6 Full HD IPS BLIT 2Y,9649000,INTEL,CORE I5,1354,8.0,INTEGRATED,15.6,CORE I5 1354,12000,2500,PELAJAR/ADMIN
Laptop HP 14 RYZEN 7 7730 RAM 16GB SSD 512GB W11+OHS 14.0 FULL HD IPS BLIT 2Y,8599000,AMD,RYZEN 7,7730,16.0,INTEGRATED,14.0,RYZEN 7 7730,14000,2500,PELAJAR/ADMIN
Laptop HP 14 RYZEN 5 7530 RAM 8GB SSD 512GB W11+OHS 14.0 FULL HD IPS BLIT 2Y,7299000,AMD,RYZEN 5,7530,8.0,INTEGRATED,14.0,RYZEN 5 7530,11000,2500,PELAJAR/ADMIN
"Laptop Lenovo Ideapad Slim 5 14 OLED intel Core 5 210H RAM 16GB SSD 512GB Windows 11 + Office Home Student 14"" Indh WUXGA 2Y + ADP",11449000,INTEL,INTEL CORE 5,210H,16.0,INTEGRATED,14.0,INTEL CORE 5 210H,15000,2500,MENENGAH/OFFICE MULTITASKING
IBox Apple Mac Mini M4 Pro 12 Core CPU 16 Core GPU Memory 24 GB Storage 512 GB,23399000,APPLE,APPLE SILICON,M4 PRO,24.0,INTEGRATED,0.0,APPLE SILICON M4 PRO,32000,2500,PROFESSIONAL/CODING BERAT
"Laptop Asus Vivobook 14 A1404VA Intel Core i3 1315 RAM 8gb SSD 512ssd Windows 11 Office (OHS) 14"" Full HD IPS",6829000,INTEL,INTEL CORE 1,404VA,8.0,INTEGRATED,14.0,INTEL CORE 1 404VA,5000,2500,BASIC/ENTRY
"Laptop Zyrex D-Tech Series AMD Ryzen 5 3500U RAM 16GB SSD 256 GB Windows 11 14"" 2 Year",4349000,AMD,RYZEN 5,3500U,16.0,INTEGRATED,14.0,RYZEN 5 3500U,11000,2500,PELAJAR/ADMIN
Laptop Asus E210KA Intel N4050 RAM 8GB SSD 128GB Windows 11 + Office (OHS) 11.6 inch,3769000,INTEL,INTEL CORE ,210KA,8.0,INTEGRATED,11.6,INTEL CORE  210KA,5000,2500,BASIC/ENTRY
"Laptop ASUS Vivobook S14 OLED S5406SA Intel Ultra 7 258V RAM 32GB SSD 1TB Windows 11 + Office (OHS)2021 14"" Inch 3K EVO",19729000,INTEL,INTEL CORE 5,406SA,32.0,INTEGRATED,14.0,INTEL CORE 5 406SA,5000,2500,BASIC/ENTRY
"Laptop ASUS Zenbook 14 OLED UX3405CA Touchscreen Intel Core Ultra 5 225H RAM 16GB SSD 1TB Windows 11 + Office (OHS) 2021 14"" 2K 120HZ EVO",15879000,INTEL,INTEL CORE 3,405CA,16.0,INTEGRATED,14.0,INTEL CORE 3 405CA,5000,2500,BASIC/ENTRY
"Laptop ASUS Zenbook 14 OLED UX3405CA Intel Core Ultra 9 285H RAM 32GB SSD 1 TB Windows 11 + Office (OHS) 2021 14"" Inch 3K 120Hz EVO",21699000,INTEL,INTEL CORE 3,405CA,32.0,INTEGRATED,14.0,INTEL CORE 3 405CA,5000,2500,BASIC/ENTRY
"IBox Apple Macbook Pro 16 M4 Max 32 Core GPU Memory 36 GB - 48 GB Storage 1 TB 14 - 16 Core CPU 16"" Inch",65499000,APPLE,APPLE SILICON,M4 MAX,48.0,INTEGRATED,16.0,APPLE SILICON M4 MAX,38000,2500,PROFESSIONAL/CODING BERAT
"IBox Apple Macbook Pro 14 M4 Pro 16 Core GPU Memory 24GB Storage 512 GB - 1 TB 12 Core CPU 14"" Inch",32499000,APPLE,APPLE SILICON,M4 PRO,24.0,INTEGRATED,14.0,APPLE SILICON M4 PRO,32000,2500,PROFESSIONAL/CODING BERAT
"IBox Apple Macbook Pro 14 M4 10 Core GPU Memory 16 GB - 24 GB Storage 512 GB - 1 TB 10 Core CPU 14"" Inch",26199000,APPLE,APPLE SILICON,M4 ,24.0,INTEGRATED,14.0,APPLE SILICON M4 ,26000,2500,PROFESSIONAL/CODING BERAT
Laptop AXIOO HYPE 5 AMD X5-2 RYZEN 5 7430 RAM 8GB SSD 256GB W11 14.0FHD IPS,6149000,AMD,RYZEN 5,7430,8.0,INTEGRATED,14.0,RYZEN 5 7430,11000,2500,PELAJAR/ADMIN
"TECNO MEGABOOK T1 14 i9 13900HK 16GB 512GB 14"" 100srgb WINDOWS 11 HOME Silver",9499000,INTEL,CORE I9,13900HK,16.0,INTEGRATED,14.0,CORE I9 13900HK,44000,2500,PROFESSIONAL/CODING BERAT
"Acer Nitro V 16 RTX4050 6GB/i5 14450HX 16gb 512ssd W11 + OHS 16"" WUXGA 165HZ 100SRGB 2Y+ADP",14199000,INTEL,CORE I5,14450H,16.0,RTX 4050,16.0,CORE I5 14450H,12000,18000,GAMING/RENDERING BERAT
"MSI PRESTIGE 13 AI+ EVO OLED ULTRA 7 258V 32gb 1TB W11 + OHS 13.3"" 2.8K BLIT 2Y",20899000,INTEL,INTEL ULTRA 7,258V,32.0,INTEGRATED,13.3,INTEL ULTRA 7 258V,25000,2500,PROFESSIONAL/CODING BERAT
"Acer Swift GO 14 AI SFG14 ULTRA 7 155H 16gb 1TB W11 + OHS 14"" 2.8K 100SRGB 2Y+ADP",13799000,INTEL,INTEL ULTRA 7,155H,16.0,INTEGRATED,14.0,INTEL ULTRA 7 155H,25000,2500,PROFESSIONAL/CODING BERAT
AXIOO HYPE 7 AMD X7 RYZEN 7 5825 8GB 512GB DOS 14.0FHD IPS BLIT  BLU,6799000,AMD,RYZEN 7,5825,8.0,INTEGRATED,14.0,RYZEN 7 5825,14000,2500,PELAJAR/ADMIN
AXIOO HYPE 5 AMD JKT48 X3 RYZEN 5 3500 8GB 256GB W11 14.0FHD IPS BLIT GRY,4949000,AMD,RYZEN 5,3500,8.0,INTEGRATED,14.0,RYZEN 5 3500,11000,2500,PELAJAR/ADMIN
"Laptop Lenovo Ideapad Slim 3 14 AMD Ryzen 3 7320 8GB 512GB Windows 11 + Office (OHS) 14"" inch Full HD  Backlit",6199000,AMD,RYZEN 3,7320,8.0,INTEGRATED,14.0,RYZEN 3 7320,5000,2500,BASIC/ENTRY
INFINIX INBOOK AIR PRO+ OLED I5 1334U 16GB 512GB W11 14.0 2.8K 120HZ 1KG GREY,9549000,INTEL,CORE I5,1334U,16.0,INTEGRATED,14.0,CORE I5 1334U,12000,2500,PELAJAR/ADMIN
"MSI MODERN 14 CORE 7 150U 16gb 512ssd W11 + OHS 14"" FHD IPS BLIT 2Y",10199000,INTEL,INTEL CORE 7,150U,16.0,INTEGRATED,14.0,INTEL CORE 7 150U,16000,2500,MENENGAH/OFFICE MULTITASKING
"Lenovo Ideapad Slim 1 14 ATHLON SILVER 7120 8gb 256-512ssd W11 + OHS 14"" 2Y PREM",4819000,UNKNOWN,UNKNOWN,UNKNOWN,8.0,INTEGRATED,14.0,UNKNOWN UNKNOWN,5000,2500,BASIC/ENTRY
"Axioo Hype 5 AMD JKT48 X3 RYZEN 5 3500 8gb 256ssd W11 14"" FHD IPS BLIT LOLLIPOP EDITION (STICKER+PHOTOCARD+POSTCARD)",4949000,AMD,RYZEN 5,3500,8.0,INTEGRATED,14.0,RYZEN 5 3500,11000,2500,PELAJAR/ADMIN
"IBOX APPLE MACBOOK AIR 13 M3 10C GPU 24GB 512GB 8C CPU 13.6""",18999000,APPLE,APPLE SILICON,M3 ,24.0,INTEGRATED,13.6,APPLE SILICON M3 ,22000,2500,MENENGAH/OFFICE MULTITASKING
"IBOX APPLE MACBOOK AIR 13 M2 8C GPU 16GB 256GB 8C CPU 13.6""",12999000,APPLE,APPLE SILICON,M2 ,16.0,INTEGRATED,13.6,APPLE SILICON M2 ,19000,2500,MENENGAH/OFFICE MULTITASKING
"Acer Swift 14 AI OLED SF14 ULTRA 7 258V 32gb 1TB W11 + OHS 14"" 2.8K 90HZ 2Y+ADP",19799000,INTEL,INTEL ULTRA 7,258V,32.0,INTEGRATED,14.0,INTEL ULTRA 7 258V,25000,2500,PROFESSIONAL/CODING BERAT
Axioo Hype 5 G12 i5 1235 8/16gb 256/512ssd DOS/W11 14.0FHD IPS,5799000,INTEL,CORE I5,1235,16.0,INTEGRATED,14.0,CORE I5 1235,12000,2500,PELAJAR/ADMIN
"Acer Swift 14 AI OLED SF14 ULTRA 5 226V 16gb 1TB W11 + OHS 14"" WUXGA 60HZ BLUE 2Y+ADP",17849000,INTEL,INTEL ULTRA 5,226V,16.0,INTEGRATED,14.0,INTEL ULTRA 5 226V,20000,2500,MENENGAH/OFFICE MULTITASKING
"Asus Zenbook S14 OLED TOUCH ULTRA 7 258V 32gb 1TB W11 + OHS 14"" 3K",25399000,INTEL,INTEL ULTRA 7,258V,32.0,INTEGRATED,14.0,INTEL ULTRA 7 258V,25000,2500,PROFESSIONAL/CODING BERAT
"Asus Vivobook GO 14 E410KA N4500 4gb 256ssd W11 + OHS 14"" FHD BLIT",4299000,UNKNOWN,UNKNOWN,UNKNOWN,4.0,INTEGRATED,14.0,UNKNOWN UNKNOWN,5000,2500,BASIC/ENTRY
"Asus Vivobook 14 A1404VA i3 1315 8gb 512ssd W11 + OHS 14"" FHD IPS",6829000,INTEL,CORE I3,1315,8.0,INTEGRATED,14.0,CORE I3 1315,5000,2500,BASIC/ENTRY
"Axioo Pongo 750 RTX4050 6GB/i7 13620H 16gb 512ssd W11 15.6"" FHD 144HZ IPS RGB",14349000,INTEL,CORE I7,13620H,16.0,RTX 4050,15.6,CORE I7 13620H,15000,18000,GAMING/RENDERING BERAT
"Acer Swift GO 14 AI SFG14 SNAPDRAGON X PLUS X1P 42100 16gb 1TB W11 + OHS 14.5"" WUXGA 120Hz 100SRGB",9649000,UNKNOWN,UNKNOWN,UNKNOWN,16.0,INTEGRATED,14.5,UNKNOWN UNKNOWN,5000,2500,BASIC/ENTRY
"Asus Vivobook 14 A1404VA i7 1355 16gb 1TB W11 +O HS 14"" Fhd VIPS",11799000,INTEL,CORE I7,1355,16.0,INTEGRATED,14.0,CORE I7 1355,15000,2500,MENENGAH/OFFICE MULTITASKING
"Lenovo Ideapad 5 2in1 14 i5 13420H 16gb 512ssd W11 + OHS 14"" WUXGA Pen",11749000,INTEL,CORE I5,13420H,16.0,INTEGRATED,14.0,CORE I5 13420H,12000,2500,PELAJAR/ADMIN
"Lenovo Ideapad 5 2in1 14 OLED i7 13620H 16gb 512ssd W11 + OHS 14"" WUXGA Pen",13849000,INTEL,CORE I7,13620H,16.0,INTEGRATED,14.0,CORE I7 13620H,15000,2500,MENENGAH/OFFICE MULTITASKING
"Asus Vivobook GO 14 E1404FA RYZEN 5 7520 8gb 512ssd W11 + OHS 14"" Fhd IPS",7239000,AMD,RYZEN 5,7520,8.0,INTEGRATED,14.0,RYZEN 5 7520,11000,2500,PELAJAR/ADMIN
"Asus Vivobook GO 14 E1404FA RYZEN 5 7520 16gb 512ssd W11 + OHS 14"" Fhd IPS",7849000,AMD,RYZEN 5,7520,16.0,INTEGRATED,14.0,RYZEN 5 7520,11000,2500,PELAJAR/ADMIN
"HP Envy X360 14 OLED RYZEN 7 8840HS 32gb 1TB W11 + OHS 14"" 2.8k 120Hz BLIT PEN 2Y+ADP 2in1",18799000,AMD,RYZEN 7,UNKNOWN,32.0,INTEGRATED,14.0,RYZEN 7 UNKNOWN,14000,2500,PELAJAR/ADMIN
"HP Pavilion Plus 14 OLED ULTRA 7 155H 32gb 1TB W11 + OHS 14"" 2.8K VRR 120Hz BLIT EVO 2Y",15699000,INTEL,INTEL ULTRA 7,155H,32.0,INTEGRATED,14.0,INTEL ULTRA 7 155H,25000,2500,PROFESSIONAL/CODING BERAT
"Lenovo V14 G4 RYZEN 3 7320 8gb 256ssd W11 + OHS 14"" FHD",5199000,AMD,RYZEN 3,7320,8.0,INTEGRATED,14.0,RYZEN 3 7320,5000,2500,BASIC/ENTRY
"Asus Vivobook Go 14 E410KA N4500 8gb 256ssd W11 + OHS 14"" FHD BLIT",4589000,UNKNOWN,UNKNOWN,UNKNOWN,8.0,INTEGRATED,14.0,UNKNOWN UNKNOWN,5000,2500,BASIC/ENTRY
"Axioo HYPE 5 AMD X3 RYZEN 5 3500 8gb 256ssd DOS/W11 14"" FHD IPS BLIT",4699000,AMD,RYZEN 5,3500,8.0,INTEGRATED,14.0,RYZEN 5 3500,11000,2500,PELAJAR/ADMIN
"ASUS VIVOBOOK S 15 OLED S5507QA SNAPDRAGON X PLUS X1P 42100 16gb 1TB W11 + OHS 15.6"" 3K 120HZ",13119000,UNKNOWN,UNKNOWN,UNKNOWN,16.0,INTEGRATED,15.6,UNKNOWN UNKNOWN,5000,2500,BASIC/ENTRY
"Acer ASPIRE 5 SPIN ASP14 TOUCH CORE 5 120U 16gb 512ssd W11 + OHS 14"" WUXGA PEN 2in1",11099000,INTEL,INTEL CORE 5,120U,16.0,INTEGRATED,14.0,INTEL CORE 5 120U,14000,2500,PELAJAR/ADMIN
"HP PAVILION AERO 13 RYZEN 5 8640U 16gb 512ssd W11 + OHS 13.3"" WUXGA IPS 2Y + ADP",11749000,AMD,RYZEN 5,8640U,16.0,INTEGRATED,13.3,RYZEN 5 8640U,11000,2500,PELAJAR/ADMIN
"HP PAVILION X360 14 TOUCH CORE 5 120U 16gb 512ssd W11 + OHS 14"" FHD IPS FP PEN 2Y + ADP",11999000,INTEL,INTEL CORE 5,120U,16.0,INTEGRATED,14.0,INTEL CORE 5 120U,14000,2500,PELAJAR/ADMIN
HP ENVY X360 14 OLED ULTRA 5 125U 16gb 512ssd W11 + OHS 14.0 2.8k 120Hz PEN 2Y + ADP 2in1 EVO,16099000,INTEL,INTEL ULTRA 5,125U,16.0,INTEGRATED,14.0,INTEL ULTRA 5 125U,20000,2500,MENENGAH/OFFICE MULTITASKING
"HP PAVILION X360 14 TOUCH CORE 3 100U 8gb 512ssd W11 + OHS 14"" FHD IPS BLIT PEN 2Y + ADP",9499000,INTEL,INTEL CORE 3,100U,8.0,INTEGRATED,14.0,INTEL CORE 3 100U,5000,2500,BASIC/ENTRY
"Zyrex ULTRA INTEL N100 8gb 128+256ssd W11 14"" FHD BLIT METAL",3499000,INTEL,INTEL CORE ,256SS,8.0,INTEGRATED,14.0,INTEL CORE  256SS,5000,2500,BASIC/ENTRY
"Axioo PONGO 760 V2 RTX4060 8GB/i7 13620H 16gb 512ssd W11 15"" FHD 144HZ IPS RGB 3Y",16949000,INTEL,CORE I7,13620H,16.0,RTX 4060,15.0,CORE I7 13620H,15000,22000,GAMING/RENDERING BERAT
"Axioo HYPE 7 RYZEN 7 5700 8gb 512ssd 14"" FHD",6699000,AMD,RYZEN 7,5700,8.0,INTEGRATED,14.0,RYZEN 7 5700,14000,2500,PELAJAR/ADMIN
"Acer SWIFT GO TOUCH SFG14 ULTRA 9 185H 32gb 1TB W11 + OHS 14"" 2.8k 100SRGB EVO 2Y + ADP",15699000,INTEL,INTEL ULTRA 9,185H,32.0,INTEGRATED,14.0,INTEL ULTRA 9 185H,32000,2500,PROFESSIONAL/CODING BERAT
"Lenovo IDEAPAD SLIM 5 2in1 14 OLED Touch screen Intel Core i7 13620H 16gb 512ssd W11 + OHS 14"" WUXGA + Pen",13899000,INTEL,INTEL CORE 1,3620H,16.0,INTEGRATED,14.0,INTEL CORE 1 3620H,5000,2500,BASIC/ENTRY
"Lenovo IDEAPAD SLIM 5 OLED 14 i5 13420H 16gb 1 TB W11 + OHS 14"" WUXGA BLIT 2Y + 2ADP",11699000,INTEL,CORE I5,13420H,16.0,INTEGRATED,14.0,CORE I5 13420H,12000,2500,PELAJAR/ADMIN
"Acer SWIFT GO SFG14 ULTRA 5 125H 16gb 512ssd W11 + OHS 14"" 2.8K 100SRGB 2Y + ADP",11599000,INTEL,INTEL ULTRA 5,125H,16.0,INTEGRATED,14.0,INTEL ULTRA 5 125H,20000,2500,MENENGAH/OFFICE MULTITASKING
"Acer PREDATOR HELIOS NEO 16 RTX4050 6GB/i7 14700HX 16gb 512ssd W11 + OHS 16"" WUXGA 180HZ SRGB100 4ZRGB",19099000,INTEL,CORE I7,14700H,16.0,RTX 4050,16.0,CORE I7 14700H,15000,18000,GAMING/RENDERING BERAT
"Acer SWIFT GO OLED SFG14 ULTRA 7 155H 32gb 1TB W11 + OHS 14"" 2.8K 90hz EVO 2Y+ADP",14999000,INTEL,INTEL ULTRA 7,155H,32.0,INTEGRATED,14.0,INTEL ULTRA 7 155H,25000,2500,PROFESSIONAL/CODING BERAT
"Acer ASPIRE SPIN ASP14 TOUCH ULTRA 7 155U 16gb 1 TB SSD W11 + OHS 14"" WUXGA PEN 2in1",14999000,INTEL,INTEL ULTRA 7,155U,16.0,INTEGRATED,14.0,INTEL ULTRA 7 155U,25000,2500,PROFESSIONAL/CODING BERAT
Acer Aspire 14 Core 7 150U 16GB 512SSD W11+OHS WUXGA IPS,10099000,INTEL,INTEL CORE 7,150U,16.0,INTEGRATED,0.0,INTEL CORE 7 150U,16000,2500,MENENGAH/OFFICE MULTITASKING
Acer Aspire 14 Core 5 120U 16GB 512SSD W11+OHS WUXGA Ips,8149000,INTEL,INTEL CORE 5,120U,16.0,INTEGRATED,0.0,INTEL CORE 5 120U,14000,2500,PELAJAR/ADMIN
Hp Envy X360 14 Oled Ultra 7 155U 16GB 1TBSSD W11+OHS 2.8K 120HZ 2Year,18299000,INTEL,INTEL ULTRA 7,155U,16.0,INTEGRATED,14.0,INTEL ULTRA 7 155U,25000,2500,PROFESSIONAL/CODING BERAT
Laptop Axioo Hype 1 N4020 4GB 128SSD W11,2999000,INTEL,CELERON/ENTRY,N4020,4.0,INTEGRATED,0.0,CELERON/ENTRY N4020,2500,2500,BASIC/ENTRY
Lenovo Ideapad 5 2in1 14IRU9 Oled Core 7 150U 16GB 512SSD W11+Ohs,14349000,INTEL,INTEL CORE 7,150U,16.0,INTEGRATED,0.0,INTEL CORE 7 150U,16000,2500,MENENGAH/OFFICE MULTITASKING
Acer Swift Go Oled SFG14 Ultra 7 155H 16GB 512SSD W11+OHS 2.8K Evo,13899000,INTEL,INTEL ULTRA 7,155H,16.0,INTEGRATED,0.0,INTEL ULTRA 7 155H,25000,2500,PROFESSIONAL/CODING BERAT
Acer Swift Go Oled SFG14 Ultra 5 125H 32GB 512SSD W11+OHS 2.8K Evo,12749000,INTEL,INTEL ULTRA 5,125H,32.0,INTEGRATED,0.0,INTEL ULTRA 5 125H,20000,2500,MENENGAH/OFFICE MULTITASKING
Acer Swift Go SFG14 Ultra 5 125H 16GB 512SSD W11+OHS 2.8K QHD 100%Srgb,10599000,INTEL,INTEL ULTRA 5,125H,16.0,INTEGRATED,0.0,INTEL ULTRA 5 125H,20000,2500,MENENGAH/OFFICE MULTITASKING
Lenovo Yoga 7 14IML9 2in1 Oled Ultra 7 155H 16GB 1TBSSD W11+OHS 2.8K,17599000,INTEL,INTEL ULTRA 7,155H,16.0,INTEGRATED,0.0,INTEL ULTRA 7 155H,25000,2500,PROFESSIONAL/CODING BERAT
Lenovo Yoga 7 14IML9 2in1 Oled Ultra 5 125H 16GB 512SSD W11+OHS Wuxga,15599000,INTEL,INTEL ULTRA 5,125H,16.0,INTEGRATED,0.0,INTEL ULTRA 5 125H,20000,2500,MENENGAH/OFFICE MULTITASKING
Msi THin A15 Ryzen 5 7535HS RTX3050-4050 4-6GB 8GB 512GB W11+Ohs,9899000,AMD,RYZEN 5,UNKNOWN,8.0,RTX 3050,0.0,RYZEN 5 UNKNOWN,11000,12000,PELAJAR/ADMIN
Lenovo Loq 15IRX9 I7 13650HX 40506 6 GB RAM 12GB 512SSD W11 + OFFICE HOME STUDENT,15799000,INTEL,CORE I7,13650H,12.0,INTEGRATED,0.0,CORE I7 13650H,15000,2500,MENENGAH/OFFICE MULTITASKING
Lenovo Loq 15IRX9 I5 13450HX RTX3050 6GB 12GB 512SSD W11+OHS FHD,12899000,INTEL,CORE I5,13450H,12.0,RTX 3050,0.0,CORE I5 13450H,12000,12000,PELAJAR/ADMIN
Asus Vivobook 14 E1404GA I3 N305 8CORE 8GB 256-512SSD W11+OHS FHD,5799000,INTEL,INTEL CORE 1,404GA,8.0,INTEGRATED,0.0,INTEL CORE 1 404GA,5000,2500,BASIC/ENTRY
"Acer Nitro V 15 RTX4060 8GB/i9 13900H 16/32gb 512ssd/1TB W11 + OHS 15.6"" FHD 144HZ IPS BLIT 2Y+ADP",17849000,INTEL,CORE I9,13900H,32.0,RTX 4060,15.6,CORE I9 13900H,44000,22000,GAMING/RENDERING BERAT
Lenovo Yoga Slim 7 14IMH9 Oled Touch Ultra 5 125H 16GB 512SSD W11+OHS,14099000,INTEL,INTEL ULTRA 5,125H,16.0,INTEGRATED,0.0,INTEL ULTRA 5 125H,20000,2500,MENENGAH/OFFICE MULTITASKING
Lenovo Yoga Slim 7 14IMH9 Oled Touch Ultra 7 155H 16GB 1TBSSD W11+OHS,15999000,INTEL,INTEL ULTRA 7,155H,16.0,INTEGRATED,0.0,INTEL ULTRA 7 155H,25000,2500,PROFESSIONAL/CODING BERAT
Msi Thin 15 B13VE I7 13620H RTX4050 6GB 16GB 512SSD W11 FHD 144Hz,13749000,INTEL,CORE I7,13620H,16.0,RTX 4050,11.0,CORE I7 13620H,15000,18000,GAMING/RENDERING BERAT
"Laptop Lenovo Ideapad Slim 3 14 Intel COre i7 13620H RAM 16 GB SSD 512 GB Windows 11 + Office Home Student 14"" WUXGA IPS",11249000,INTEL,INTEL CORE 1,3620H,16.0,INTEGRATED,14.0,INTEL CORE 1 3620H,5000,2500,BASIC/ENTRY
Laptop Advan Soulmate N4020 4GB 128SSD Windows 11,2499000,INTEL,CELERON/ENTRY,N4020,4.0,INTEGRATED,0.0,CELERON/ENTRY N4020,2500,2500,BASIC/ENTRY
Lenovo Ideapad Slim 5 14IRL8 Oled I5 13420H 16GB 512SSD W11+OHS Wuxga,11699000,INTEL,CORE I5,13420H,16.0,INTEGRATED,0.0,CORE I5 13420H,12000,2500,PELAJAR/ADMIN
Laptop HP 245 Gen10 Ryzen 3 7320U 8GB 256GB W11 Slim Bezel,5299000,AMD,RYZEN 3,245,8.0,INTEGRATED,0.0,RYZEN 3 245,5000,2500,BASIC/ENTRY
Asus Rog Strix G16 G614JU I5 13540HX RTX4050 6GB 16GB 512GB W11+Ohs,18999000,INTEL,CORE I5,13540H,16.0,RTX 4050,0.0,CORE I5 13540H,12000,18000,GAMING/RENDERING BERAT
Asus Vivobook 14 M1405YA Ryzen 7 7730U 16GB 512GB W11+OHS Wuxga,9549000,APPLE,APPLE SILICON,M1,16.0,INTEGRATED,0.0,APPLE SILICON M1,14500,2500,PELAJAR/ADMIN
CARBON SOFTCASE SLEEVE CASE 13-14 INCH ALL COLOR,99000,UNKNOWN,UNKNOWN,UNKNOWN,0.0,INTEGRATED,14.0,UNKNOWN UNKNOWN,5000,2500,BASIC/ENTRY
Office 365 Personal 1 Year Original For Work,549000,UNKNOWN,UNKNOWN,UNKNOWN,0.0,INTEGRATED,0.0,UNKNOWN UNKNOWN,5000,2500,BASIC/ENTRY
Asus Vivobook Go 14 E1404FA Ryzen 3 7320U 8GB 256-512GB W11+OHS FullHD,5599000,AMD,RYZEN 3,7320U,8.0,INTEGRATED,0.0,RYZEN 3 7320U,9000,2500,PELAJAR/ADMIN
Laptop Hp 14S EP0018TU-EP0019TU I7 1355U 16GB 512SSD W11+Ohs FullHD,11199000,INTEL,CORE I7,1355U,16.0,INTEGRATED,0.0,CORE I7 1355U,15000,2500,MENENGAH/OFFICE MULTITASKING
